computed_date,price_label,volume_label,cell
2026-07-05,warming_up,rising,"pending — price:warming_up, volume:rising"
2026-07-06,warming_up,rising,"pending — price:warming_up, volume:rising"
2026-07-07,warming_up,rising,"pending — price:warming_up, volume:rising"
2026-07-08,warming_up,rising,"pending — price:warming_up, volume:rising"
2026-07-09,warming_up,rising,"pending — price:warming_up, volume:rising"
2026-07-10,warming_up,rising,"pending — price:warming_up, volume:rising"
2026-07-11,warming_up,rising,"pending — price:warming_up, volume:rising"
2026-07-12,warming_up,rising,"pending — price:warming_up, volume:rising"
2026-07-13,warming_up,rising,"pending — price:warming_up, volume:rising"
2026-07-14,warming_up,rising,"pending — price:warming_up, volume:rising"
2026-07-15,warming_up,rising,"pending — price:warming_up, volume:rising"
2026-07-16,warming_up,rising,"pending — price:warming_up, volume:rising"
2026-07-17,warming_up,rising,"pending — price:warming_up, volume:rising"
2026-07-18,warming_up,rising,"pending — price:warming_up, volume:rising"
2026-07-19,warming_up,rising,"pending — price:warming_up, volume:rising"
2026-07-20,warming_up,rising,"pending — price:warming_up, volume:rising"
2026-07-21,warming_up,rising,"pending — price:warming_up, volume:rising"
2026-07-22,warming_up,rising,"pending — price:warming_up, volume:rising"
2026-07-23,warming_up,rising,"pending — price:warming_up, volume:rising"
2026-07-24,warming_up,rising,"pending — price:warming_up, volume:rising"
2026-07-25,warming_up,rising,"pending — price:warming_up, volume:rising"
2026-07-26,warming_up,rising,"pending — price:warming_up, volume:rising"
2026-07-27,warming_up,rising,"pending — price:warming_up, volume:rising"
2026-07-28,warming_up,rising,"pending — price:warming_up, volume:rising"
2026-07-29,warming_up,rising,"pending — price:warming_up, volume:rising"
2026-07-30,warming_up,rising,"pending — price:warming_up, volume:rising"
2026-07-31,warming_up,rising,"pending — price:warming_up, volume:rising"
2026-08-01,warming_up,rising,"pending — price:warming_up, volume:rising"
2026-08-02,warming_up,rising,"pending — price:warming_up, volume:rising"
2026-08-03,rising,rising,Accelerating (broad boom)
2026-08-04,rising,rising,Accelerating (broad boom)
2026-08-05,rising,rising,Accelerating (broad boom)
2026-08-06,rising,rising,Accelerating (broad boom)
2026-08-07,rising,rising,Accelerating (broad boom)
2026-08-08,rising,rising,Accelerating (broad boom)
2026-08-09,rising,rising,Accelerating (broad boom)
2026-08-10,rising,rising,Accelerating (broad boom)
2026-08-11,rising,rising,Accelerating (broad boom)
