date,sku_id,source,price,list_price,in_stock,seller_type,condition,qty_limit
2026-07-05,d4_corsair_lpx_3200c16,ebay,184.95,224.89,True,ebay_new,new,19
2026-07-05,d4_gskill_rv_3600c16,ebay,336.96,336.96,True,ebay_new,new,5
2026-07-05,d4_kingston_fury_3200c16,ebay,470.15,441.07,True,ebay_new,new,4
2026-07-05,d4_gskill_rv_3200c16,ebay,131.4,276.43,True,ebay_new,new,18
2026-07-05,d4_corsair_lpx_b3200,ebay,296.99,248.49,False,ebay_new,new,2
2026-07-05,d5_gskill_rs5_6000c32,ebay,751.9,727.27,False,ebay_new,new,2
2026-07-05,d5_kingston_fury_6000c36,ebay,465.95,427.97,False,ebay_new,new,2
2026-07-05,d5_team_delta_6000,ebay,525.49,604.66,True,ebay_new,new,8
2026-07-05,d5_corsair_5200c40,ebay,593.9,538.19,True,ebay_new,new,4
2026-07-05,d5_kingston_5200_kit,ebay,500.0,399.95,True,ebay_new,new,3
2026-07-05,srv_micron_32g_4800,ebay,827.63,827.63,True,ebay_new,new,9
2026-07-05,srv_samsung_32g_base,ebay,988.88,931.08,True,ebay_new,new,3
2026-07-05,srv_samsung_64g_base,ebay,1599.0,1599.0,True,ebay_new,new,5
2026-07-05,srv_hynix_32g_base,ebay,827.63,931.08,True,ebay_new,new,14
2026-07-05,so_kingston_impact_5600,ebay,319.0,369.99,True,ebay_new,new,11
2026-07-05,so_corsair_4800c40,ebay,440.0,324.73,True,ebay_new,new,4
2026-07-05,so_gskill_rs_5600,ebay,633.43,614.54,True,ebay_new,new,4
2026-07-05,so_kingston_vr_5600,ebay,555.0,555.0,False,ebay_new,new,1
2026-07-05,so_samsung_oem_16g,ebay,175.0,199.92,True,ebay_new,new,6
2026-07-06,d4_corsair_lpx_3200c16,ebay,184.95,221.94,True,ebay_new,new,18
2026-07-06,d4_gskill_rv_3600c16,ebay,331.98,349.81,True,ebay_new,new,7
2026-07-06,d4_kingston_fury_3200c16,ebay,470.15,441.07,True,ebay_new,new,4
2026-07-06,d4_gskill_rv_3200c16,ebay,131.4,276.43,True,ebay_new,new,18
2026-07-06,d4_corsair_lpx_b3200,ebay,296.99,199.99,True,ebay_new,new,3
2026-07-06,d5_gskill_rs5_6000c32,ebay,751.9,727.27,False,ebay_new,new,2
2026-07-06,d5_kingston_fury_6000c36,ebay,465.95,427.97,False,ebay_new,new,2
2026-07-06,d5_team_delta_6000,ebay,525.49,604.66,True,ebay_new,new,8
2026-07-06,d5_corsair_5200c40,ebay,593.9,538.19,True,ebay_new,new,4
2026-07-06,d5_kingston_5200_kit,ebay,500.0,399.95,True,ebay_new,new,3
2026-07-06,srv_micron_32g_4800,ebay,827.63,827.63,True,ebay_new,new,9
2026-07-06,srv_samsung_32g_base,ebay,988.88,931.08,True,ebay_new,new,3
2026-07-06,srv_samsung_64g_base,ebay,1700.0,1649.5,True,ebay_new,new,4
2026-07-06,srv_hynix_32g_base,ebay,827.63,931.08,True,ebay_new,new,14
2026-07-06,so_kingston_impact_5600,ebay,319.0,354.99,True,ebay_new,new,12
2026-07-06,so_corsair_4800c40,ebay,440.0,324.73,True,ebay_new,new,4
2026-07-06,so_gskill_rs_5600,ebay,632.06,613.86,True,ebay_new,new,4
2026-07-06,so_kingston_vr_5600,ebay,555.0,555.0,False,ebay_new,new,1
2026-07-06,so_samsung_oem_16g,ebay,175.0,199.92,True,ebay_new,new,6
2026-07-07,d4_corsair_lpx_3200c16,ebay,184.95,224.89,True,ebay_new,new,19
2026-07-07,d4_gskill_rv_3600c16,ebay,294.99,336.24,True,ebay_new,new,9
2026-07-07,d4_kingston_fury_3200c16,ebay,424.79,424.79,True,ebay_new,new,5
2026-07-07,d4_gskill_rv_3200c16,ebay,131.4,276.43,True,ebay_new,new,18
2026-07-07,d4_corsair_lpx_b3200,ebay,296.99,199.99,True,ebay_new,new,3
2026-07-07,d5_gskill_rs5_6000c32,ebay,751.9,727.27,False,ebay_new,new,2
2026-07-07,d5_kingston_fury_6000c36,ebay,465.95,427.97,False,ebay_new,new,2
2026-07-07,d5_team_delta_6000,ebay,525.49,604.66,True,ebay_new,new,8
2026-07-07,d5_corsair_5200c40,ebay,593.9,538.19,True,ebay_new,new,4
2026-07-07,d5_kingston_5200_kit,ebay,500.0,399.95,True,ebay_new,new,3
2026-07-07,srv_micron_32g_4800,ebay,827.63,827.63,True,ebay_new,new,7
2026-07-07,srv_samsung_32g_base,ebay,988.88,931.08,True,ebay_new,new,3
2026-07-07,srv_samsung_64g_base,ebay,1799.99,1700.0,True,ebay_new,new,3
2026-07-07,srv_hynix_32g_base,ebay,827.63,931.08,True,ebay_new,new,16
2026-07-07,so_kingston_impact_5600,ebay,299.99,369.99,True,ebay_new,new,11
2026-07-07,so_corsair_4800c40,ebay,440.0,324.73,True,ebay_new,new,4
2026-07-07,so_gskill_rs_5600,ebay,824.14,633.43,True,ebay_new,new,3
2026-07-07,so_kingston_vr_5600,ebay,555.0,555.0,False,ebay_new,new,1
2026-07-07,so_samsung_oem_16g,ebay,175.0,199.92,True,ebay_new,new,6
2026-07-08,d4_corsair_lpx_3200c16,ebay,184.95,221.94,True,ebay_new,new,20
2026-07-08,d4_gskill_rv_3600c16,ebay,294.99,336.24,True,ebay_new,new,9
2026-07-08,d4_kingston_fury_3200c16,ebay,424.79,424.79,True,ebay_new,new,5
2026-07-08,d4_gskill_rv_3200c16,ebay,131.4,276.43,True,ebay_new,new,18
2026-07-08,d4_corsair_lpx_b3200,ebay,296.99,199.99,True,ebay_new,new,3
2026-07-08,d5_gskill_rs5_6000c32,ebay,751.9,727.27,False,ebay_new,new,2
2026-07-08,d5_kingston_fury_6000c36,ebay,465.95,427.97,False,ebay_new,new,2
2026-07-08,d5_team_delta_6000,ebay,525.49,604.66,True,ebay_new,new,8
2026-07-08,d5_corsair_5200c40,ebay,593.9,538.19,True,ebay_new,new,4
2026-07-08,d5_kingston_5200_kit,ebay,500.0,399.95,True,ebay_new,new,3
2026-07-08,srv_micron_32g_4800,ebay,827.63,827.63,True,ebay_new,new,7
2026-07-08,srv_samsung_32g_base,ebay,988.88,931.08,True,ebay_new,new,3
2026-07-08,srv_samsung_64g_base,ebay,1799.99,1700.0,True,ebay_new,new,3
2026-07-08,srv_hynix_32g_base,ebay,827.63,931.08,True,ebay_new,new,16
2026-07-08,so_kingston_impact_5600,ebay,299.99,369.99,True,ebay_new,new,11
2026-07-08,so_corsair_4800c40,ebay,440.0,324.73,True,ebay_new,new,4
2026-07-08,so_gskill_rs_5600,ebay,824.14,633.43,True,ebay_new,new,3
2026-07-08,so_kingston_vr_5600,ebay,555.0,555.0,False,ebay_new,new,1
2026-07-08,so_samsung_oem_16g,ebay,175.0,199.92,True,ebay_new,new,6
2026-07-09,d4_corsair_lpx_3200c16,ebay,184.95,221.94,True,ebay_new,new,20
2026-07-09,d4_gskill_rv_3600c16,ebay,310.37,339.72,True,ebay_new,new,8
2026-07-09,d4_kingston_fury_3200c16,ebay,457.1,440.95,True,ebay_new,new,4
2026-07-09,d4_gskill_rv_3200c16,ebay,131.4,276.43,True,ebay_new,new,18
2026-07-09,d4_corsair_lpx_b3200,ebay,296.99,199.99,True,ebay_new,new,3
2026-07-09,d5_gskill_rs5_6000c32,ebay,751.9,727.27,False,ebay_new,new,2
2026-07-09,d5_kingston_fury_6000c36,ebay,465.95,427.97,False,ebay_new,new,2
2026-07-09,d5_team_delta_6000,ebay,525.49,604.66,True,ebay_new,new,8
2026-07-09,d5_corsair_5200c40,ebay,593.9,538.19,True,ebay_new,new,4
2026-07-09,d5_kingston_5200_kit,ebay,500.0,399.95,True,ebay_new,new,3
2026-07-09,srv_micron_32g_4800,ebay,827.63,827.63,True,ebay_new,new,7
2026-07-09,srv_samsung_32g_base,ebay,988.88,931.08,True,ebay_new,new,3
2026-07-09,srv_samsung_64g_base,ebay,1799.99,1700.0,True,ebay_new,new,3
2026-07-09,srv_hynix_32g_base,ebay,827.63,931.08,True,ebay_new,new,16
2026-07-09,so_kingston_impact_5600,ebay,309.0,397.99,True,ebay_new,new,9
2026-07-09,so_corsair_4800c40,ebay,440.0,324.73,True,ebay_new,new,4
2026-07-09,so_gskill_rs_5600,ebay,824.14,632.06,True,ebay_new,new,3
2026-07-09,so_kingston_vr_5600,ebay,555.0,555.0,False,ebay_new,new,1
2026-07-09,so_samsung_oem_16g,ebay,175.0,224.84,True,ebay_new,new,7
2026-07-10,d4_corsair_lpx_3200c16,ebay,179.99,219.0,True,ebay_new,new,23
2026-07-10,d4_gskill_rv_3600c16,ebay,310.37,339.36,True,ebay_new,new,8
2026-07-10,d4_kingston_fury_3200c16,ebay,447.17,435.98,True,ebay_new,new,4
2026-07-10,d4_gskill_rv_3200c16,ebay,131.4,276.43,True,ebay_new,new,18
2026-07-10,d4_corsair_lpx_b3200,ebay,296.99,199.99,True,ebay_new,new,3
2026-07-10,d5_gskill_rs5_6000c32,ebay,751.9,727.27,False,ebay_new,new,2
2026-07-10,d5_kingston_fury_6000c36,ebay,465.95,427.97,False,ebay_new,new,2
2026-07-10,d5_team_delta_6000,ebay,502.36,563.64,True,ebay_new,new,8
2026-07-10,d5_corsair_5200c40,ebay,593.9,538.19,True,ebay_new,new,4
2026-07-10,d5_kingston_5200_kit,ebay,500.0,399.95,True,ebay_new,new,3
2026-07-10,srv_micron_32g_4800,ebay,827.63,827.63,True,ebay_new,new,7
2026-07-10,srv_samsung_32g_base,ebay,988.88,931.08,True,ebay_new,new,3
2026-07-10,srv_samsung_64g_base,ebay,1799.99,1794.75,True,ebay_new,new,3
2026-07-10,srv_hynix_32g_base,ebay,827.63,931.08,True,ebay_new,new,16
2026-07-10,so_kingston_impact_5600,ebay,339.99,393.99,True,ebay_new,new,10
2026-07-10,so_corsair_4800c40,ebay,269.0,269.0,True,ebay_new,new,5
2026-07-10,so_gskill_rs_5600,ebay,824.14,633.43,True,ebay_new,new,3
2026-07-10,so_kingston_vr_5600,ebay,555.0,555.0,False,ebay_new,new,1
2026-07-10,so_samsung_oem_16g,ebay,175.0,224.84,True,ebay_new,new,7
2026-07-11,d4_corsair_lpx_3200c16,ebay,179.99,221.94,True,ebay_new,new,22
2026-07-11,d4_gskill_rv_3600c16,ebay,310.37,336.96,True,ebay_new,new,7
2026-07-11,d4_kingston_fury_3200c16,ebay,448.14,436.47,True,ebay_new,new,4
2026-07-11,d4_gskill_rv_3200c16,ebay,131.4,276.43,True,ebay_new,new,18
2026-07-11,d4_corsair_lpx_b3200,ebay,296.99,199.99,True,ebay_new,new,3
2026-07-11,d5_gskill_rs5_6000c32,ebay,751.9,727.27,False,ebay_new,new,2
2026-07-11,d5_kingston_fury_6000c36,ebay,465.95,427.97,False,ebay_new,new,2
2026-07-11,d5_team_delta_6000,ebay,502.36,563.64,True,ebay_new,new,8
2026-07-11,d5_corsair_5200c40,ebay,593.9,593.9,True,ebay_new,new,3
2026-07-11,d5_kingston_5200_kit,ebay,500.0,399.95,True,ebay_new,new,3
2026-07-11,srv_micron_32g_4800,ebay,827.63,833.81,True,ebay_new,new,8
2026-07-11,srv_samsung_32g_base,ebay,988.88,988.88,True,ebay_new,new,5
2026-07-11,srv_samsung_64g_base,ebay,1799.99,1495.75,True,ebay_new,new,3
2026-07-11,srv_hynix_32g_base,ebay,827.63,931.08,True,ebay_new,new,19
2026-07-11,so_kingston_impact_5600,ebay,339.99,379.99,True,ebay_new,new,11
2026-07-11,so_corsair_4800c40,ebay,324.0,324.0,True,ebay_new,new,5
2026-07-11,so_gskill_rs_5600,ebay,824.14,632.06,True,ebay_new,new,3
2026-07-11,so_kingston_vr_5600,ebay,555.0,555.0,False,ebay_new,new,1
2026-07-11,so_samsung_oem_16g,ebay,175.0,224.84,True,ebay_new,new,7
2026-07-12,d4_corsair_lpx_3200c16,ebay,179.99,221.94,True,ebay_new,new,20
2026-07-12,d4_gskill_rv_3600c16,ebay,310.37,336.96,True,ebay_new,new,7
2026-07-12,d4_kingston_fury_3200c16,ebay,448.14,436.47,True,ebay_new,new,4
2026-07-12,d4_gskill_rv_3200c16,ebay,131.4,276.43,True,ebay_new,new,19
2026-07-12,d4_corsair_lpx_b3200,ebay,296.99,199.99,True,ebay_new,new,3
2026-07-12,d5_gskill_rs5_6000c32,ebay,751.9,727.27,False,ebay_new,new,2
2026-07-12,d5_kingston_fury_6000c36,ebay,485.95,437.97,False,ebay_new,new,2
2026-07-12,d5_team_delta_6000,ebay,502.36,563.64,True,ebay_new,new,8
2026-07-12,d5_corsair_5200c40,ebay,593.9,593.9,True,ebay_new,new,3
2026-07-12,d5_kingston_5200_kit,ebay,500.0,449.98,True,ebay_new,new,4
2026-07-12,srv_micron_32g_4800,ebay,827.63,833.81,True,ebay_new,new,8
2026-07-12,srv_samsung_32g_base,ebay,988.88,988.88,True,ebay_new,new,5
2026-07-12,srv_samsung_64g_base,ebay,1799.99,1622.87,False,ebay_new,new,2
2026-07-12,srv_hynix_32g_base,ebay,827.63,931.08,True,ebay_new,new,19
2026-07-12,so_kingston_impact_5600,ebay,339.99,397.99,True,ebay_new,new,11
2026-07-12,so_corsair_4800c40,ebay,319.0,334.5,True,ebay_new,new,6
2026-07-12,so_gskill_rs_5600,ebay,824.14,632.06,True,ebay_new,new,3
2026-07-12,so_kingston_vr_5600,ebay,555.0,555.0,False,ebay_new,new,1
2026-07-12,so_samsung_oem_16g,ebay,175.0,224.84,True,ebay_new,new,7
2026-07-13,d4_corsair_lpx_3200c16,ebay,179.99,221.94,True,ebay_new,new,20
2026-07-13,d4_gskill_rv_3600c16,ebay,310.37,336.96,True,ebay_new,new,7
2026-07-13,d4_kingston_fury_3200c16,ebay,448.14,436.47,True,ebay_new,new,4
2026-07-13,d4_gskill_rv_3200c16,ebay,131.4,276.43,True,ebay_new,new,19
2026-07-13,d4_corsair_lpx_b3200,ebay,296.99,199.99,True,ebay_new,new,3
2026-07-13,d5_gskill_rs5_6000c32,ebay,751.9,727.27,False,ebay_new,new,2
2026-07-13,d5_kingston_fury_6000c36,ebay,485.95,437.97,False,ebay_new,new,2
2026-07-13,d5_team_delta_6000,ebay,502.36,563.64,True,ebay_new,new,8
2026-07-13,d5_corsair_5200c40,ebay,593.9,593.9,True,ebay_new,new,3
2026-07-13,d5_kingston_5200_kit,ebay,500.0,449.98,True,ebay_new,new,4
2026-07-13,d5_kingston_fury_b_6000c36,ebay,,,False,ebay_new,new,0
2026-07-13,srv_micron_32g_4800,ebay,827.63,833.81,True,ebay_new,new,8
2026-07-13,srv_samsung_32g_base,ebay,988.88,988.88,True,ebay_new,new,5
2026-07-13,srv_samsung_64g_base,ebay,1799.99,1799.99,False,ebay_new,new,1
2026-07-13,srv_hynix_32g_base,ebay,827.63,931.08,True,ebay_new,new,19
2026-07-13,so_kingston_impact_5600,ebay,339.99,372.5,True,ebay_new,new,10
2026-07-13,so_corsair_4800c40,ebay,319.0,334.5,True,ebay_new,new,6
2026-07-13,so_gskill_rs_5600,ebay,824.14,632.06,True,ebay_new,new,3
2026-07-13,so_kingston_vr_5600,ebay,555.0,555.0,False,ebay_new,new,1
2026-07-13,so_samsung_oem_16g,ebay,175.0,224.84,True,ebay_new,new,7
2026-07-14,d4_corsair_lpx_3200c16,ebay,179.99,200.0,True,ebay_new,new,25
2026-07-14,d4_gskill_rv_3600c16,ebay,310.37,336.24,True,ebay_new,new,7
2026-07-14,d4_kingston_fury_3200c16,ebay,447.17,435.98,True,ebay_new,new,4
2026-07-14,d4_gskill_rv_3200c16,ebay,131.4,276.43,True,ebay_new,new,19
2026-07-14,d4_corsair_lpx_b3200,ebay,239.99,199.99,True,ebay_new,new,3
2026-07-14,d5_gskill_rs5_6000c32,ebay,751.9,727.27,False,ebay_new,new,2
2026-07-14,d5_kingston_fury_6000c36,ebay,485.95,437.97,False,ebay_new,new,2
2026-07-14,d5_team_delta_6000,ebay,502.36,563.64,True,ebay_new,new,8
2026-07-14,d5_corsair_5200c40,ebay,593.9,593.9,True,ebay_new,new,3
2026-07-14,d5_kingston_5200_kit,ebay,500.0,449.98,True,ebay_new,new,4
2026-07-14,d5_kingston_fury_b_6000c36,ebay,,,False,ebay_new,new,0
2026-07-14,srv_micron_32g_4800,ebay,839.99,869.83,True,ebay_new,new,6
2026-07-14,srv_samsung_32g_base,ebay,827.63,878.81,True,ebay_new,new,10
2026-07-14,srv_samsung_64g_base,ebay,1799.99,1799.99,False,ebay_new,new,1
2026-07-14,srv_hynix_32g_base,ebay,827.63,931.08,True,ebay_new,new,19
2026-07-14,so_kingston_impact_5600,ebay,339.99,372.5,True,ebay_new,new,10
2026-07-14,so_corsair_4800c40,ebay,319.0,334.5,True,ebay_new,new,6
2026-07-14,so_gskill_rs_5600,ebay,824.14,633.43,True,ebay_new,new,3
2026-07-14,so_kingston_vr_5600,ebay,555.0,555.0,False,ebay_new,new,1
2026-07-14,so_samsung_oem_16g,ebay,175.0,224.84,True,ebay_new,new,7
2026-07-15,d4_corsair_lpx_3200c16,ebay,179.99,199.99,True,ebay_new,new,25
2026-07-15,d4_gskill_rv_3600c16,ebay,310.37,336.96,True,ebay_new,new,7
2026-07-15,d4_kingston_fury_3200c16,ebay,448.14,436.47,True,ebay_new,new,4
2026-07-15,d4_gskill_rv_3200c16,ebay,131.4,276.43,True,ebay_new,new,19
2026-07-15,d4_corsair_lpx_b3200,ebay,239.99,199.99,True,ebay_new,new,3
2026-07-15,d5_gskill_rs5_6000c32,ebay,751.9,727.27,False,ebay_new,new,2
2026-07-15,d5_kingston_fury_6000c36,ebay,485.95,437.97,False,ebay_new,new,2
2026-07-15,d5_team_delta_6000,ebay,502.36,563.64,True,ebay_new,new,8
2026-07-15,d5_corsair_5200c40,ebay,593.9,593.9,True,ebay_new,new,3
2026-07-15,d5_kingston_5200_kit,ebay,500.0,449.98,True,ebay_new,new,4
2026-07-15,d5_kingston_fury_b_6000c36,ebay,,,False,ebay_new,new,0
2026-07-15,srv_micron_32g_4800,ebay,872.99,872.99,True,ebay_new,new,8
2026-07-15,srv_samsung_32g_base,ebay,827.63,878.81,True,ebay_new,new,10
2026-07-15,srv_samsung_64g_base,ebay,1799.99,1799.99,False,ebay_new,new,1
2026-07-15,srv_hynix_32g_base,ebay,827.63,931.08,True,ebay_new,new,19
2026-07-15,so_kingston_impact_5600,ebay,397.99,518.96,True,ebay_new,new,6
2026-07-15,so_corsair_4800c40,ebay,319.0,334.5,True,ebay_new,new,6
2026-07-15,so_gskill_rs_5600,ebay,824.14,632.06,True,ebay_new,new,3
2026-07-15,so_kingston_vr_5600,ebay,565.0,565.0,False,ebay_new,new,1
2026-07-15,so_samsung_oem_16g,ebay,175.0,224.84,True,ebay_new,new,7
2026-07-16,d4_corsair_lpx_3200c16,ebay,184.95,200.0,True,ebay_new,new,25
2026-07-16,d4_gskill_rv_3600c16,ebay,310.37,336.96,True,ebay_new,new,7
2026-07-16,d4_kingston_fury_3200c16,ebay,448.14,436.47,True,ebay_new,new,4
2026-07-16,d4_gskill_rv_3200c16,ebay,131.4,276.43,True,ebay_new,new,19
2026-07-16,d4_corsair_lpx_b3200,ebay,239.99,199.99,True,ebay_new,new,3
2026-07-16,d5_gskill_rs5_6000c32,ebay,751.9,727.27,False,ebay_new,new,2
2026-07-16,d5_kingston_fury_6000c36,ebay,485.95,437.97,False,ebay_new,new,2
2026-07-16,d5_team_delta_6000,ebay,502.36,563.64,True,ebay_new,new,8
2026-07-16,d5_corsair_5200c40,ebay,593.9,593.9,True,ebay_new,new,3
2026-07-16,d5_kingston_5200_kit,ebay,500.0,449.98,True,ebay_new,new,4
2026-07-16,d5_kingston_fury_b_6000c36,ebay,,,False,ebay_new,new,0
2026-07-16,srv_micron_32g_4800,ebay,931.08,915.38,True,ebay_new,new,4
2026-07-16,srv_samsung_32g_base,ebay,827.63,878.81,True,ebay_new,new,10
2026-07-16,srv_samsung_64g_base,ebay,1799.99,1799.99,False,ebay_new,new,1
2026-07-16,srv_hynix_32g_base,ebay,827.63,931.08,True,ebay_new,new,19
2026-07-16,so_kingston_impact_5600,ebay,397.99,489.49,True,ebay_new,new,6
2026-07-16,so_corsair_4800c40,ebay,319.0,334.5,True,ebay_new,new,6
2026-07-16,so_gskill_rs_5600,ebay,824.14,633.43,True,ebay_new,new,3
2026-07-16,so_kingston_vr_5600,ebay,565.0,565.0,False,ebay_new,new,1
2026-07-16,so_samsung_oem_16g,ebay,175.0,199.92,True,ebay_new,new,6
2026-07-17,d4_corsair_lpx_3200c16,ebay,184.95,199.99,True,ebay_new,new,25
2026-07-17,d4_gskill_rv_3600c16,ebay,310.37,329.19,True,ebay_new,new,8
2026-07-17,d4_kingston_fury_3200c16,ebay,447.17,435.98,True,ebay_new,new,4
2026-07-17,d4_gskill_rv_3200c16,ebay,131.4,276.43,True,ebay_new,new,19
2026-07-17,d4_corsair_lpx_b3200,ebay,239.99,199.99,True,ebay_new,new,3
2026-07-17,d5_gskill_rs5_6000c32,ebay,751.9,727.27,False,ebay_new,new,2
2026-07-17,d5_kingston_fury_6000c36,ebay,485.95,437.97,False,ebay_new,new,2
2026-07-17,d5_team_delta_6000,ebay,502.36,563.64,True,ebay_new,new,8
2026-07-17,d5_corsair_5200c40,ebay,593.9,593.9,True,ebay_new,new,3
2026-07-17,d5_kingston_5200_kit,ebay,500.0,449.98,True,ebay_new,new,4
2026-07-17,d5_kingston_fury_b_6000c36,ebay,,,False,ebay_new,new,0
2026-07-17,srv_micron_32g_4800,ebay,872.99,872.99,True,ebay_new,new,8
2026-07-17,srv_samsung_32g_base,ebay,827.63,878.81,True,ebay_new,new,10
2026-07-17,srv_samsung_64g_base,ebay,1799.99,1799.99,False,ebay_new,new,1
2026-07-17,srv_hynix_32g_base,ebay,827.63,931.08,True,ebay_new,new,19
2026-07-17,so_kingston_impact_5600,ebay,397.99,519.93,True,ebay_new,new,6
2026-07-17,so_corsair_4800c40,ebay,319.0,334.5,True,ebay_new,new,6
2026-07-17,so_gskill_rs_5600,ebay,824.14,632.06,True,ebay_new,new,3
2026-07-17,so_kingston_vr_5600,ebay,565.0,565.0,False,ebay_new,new,1
2026-07-17,so_samsung_oem_16g,ebay,175.0,199.92,True,ebay_new,new,6
2026-07-18,d4_corsair_lpx_3200c16,ebay,184.95,199.99,True,ebay_new,new,25
2026-07-18,d4_gskill_rv_3600c16,ebay,310.37,342.47,True,ebay_new,new,7
2026-07-18,d4_kingston_fury_3200c16,ebay,457.1,440.95,True,ebay_new,new,4
2026-07-18,d4_gskill_rv_3200c16,ebay,131.4,276.43,True,ebay_new,new,20
2026-07-18,d4_corsair_lpx_b3200,ebay,239.99,199.99,True,ebay_new,new,3
2026-07-18,d5_gskill_rs5_6000c32,ebay,751.9,727.27,False,ebay_new,new,2
2026-07-18,d5_kingston_fury_6000c36,ebay,485.95,437.97,False,ebay_new,new,2
2026-07-18,d5_team_delta_6000,ebay,502.39,563.64,True,ebay_new,new,8
2026-07-18,d5_corsair_5200c40,ebay,681.5,605.78,True,ebay_new,new,3
2026-07-18,d5_kingston_5200_kit,ebay,500.0,449.98,True,ebay_new,new,4
2026-07-18,d5_kingston_fury_b_6000c36,ebay,,,False,ebay_new,new,0
2026-07-18,srv_micron_32g_4800,ebay,872.99,872.99,True,ebay_new,new,8
2026-07-18,srv_samsung_32g_base,ebay,988.88,988.88,True,ebay_new,new,5
2026-07-18,srv_samsung_64g_base,ebay,1799.99,1799.99,False,ebay_new,new,1
2026-07-18,srv_hynix_32g_base,ebay,827.63,931.08,True,ebay_new,new,19
2026-07-18,so_kingston_impact_5600,ebay,397.99,519.93,True,ebay_new,new,6
2026-07-18,so_corsair_4800c40,ebay,319.0,334.5,True,ebay_new,new,6
2026-07-18,so_gskill_rs_5600,ebay,824.14,646.1,True,ebay_new,new,3
2026-07-18,so_kingston_vr_5600,ebay,565.0,565.0,False,ebay_new,new,1
2026-07-18,so_samsung_oem_16g,ebay,175.0,199.92,True,ebay_new,new,6
2026-07-19,d4_corsair_lpx_3200c16,ebay,184.95,199.99,True,ebay_new,new,24
2026-07-19,d4_gskill_rv_3600c16,ebay,310.37,342.47,True,ebay_new,new,7
2026-07-19,d4_kingston_fury_3200c16,ebay,457.1,440.95,True,ebay_new,new,4
2026-07-19,d4_gskill_rv_3200c16,ebay,131.4,276.43,True,ebay_new,new,20
2026-07-19,d4_corsair_lpx_b3200,ebay,239.99,219.99,False,ebay_new,new,2
2026-07-19,d5_gskill_rs5_6000c32,ebay,751.9,727.27,False,ebay_new,new,2
2026-07-19,d5_kingston_fury_6000c36,ebay,485.95,437.97,False,ebay_new,new,2
2026-07-19,d5_team_delta_6000,ebay,502.39,563.64,True,ebay_new,new,8
2026-07-19,d5_corsair_5200c40,ebay,681.5,605.78,True,ebay_new,new,3
2026-07-19,d5_kingston_5200_kit,ebay,500.0,449.98,True,ebay_new,new,4
2026-07-19,d5_kingston_fury_b_6000c36,ebay,,,False,ebay_new,new,0
2026-07-19,srv_micron_32g_4800,ebay,872.99,872.99,True,ebay_new,new,8
2026-07-19,srv_samsung_32g_base,ebay,988.88,988.88,True,ebay_new,new,5
2026-07-19,srv_samsung_64g_base,ebay,1799.99,1699.0,True,ebay_new,new,3
2026-07-19,srv_hynix_32g_base,ebay,827.63,931.08,True,ebay_new,new,19
2026-07-19,so_kingston_impact_5600,ebay,397.99,519.93,True,ebay_new,new,6
2026-07-19,so_corsair_4800c40,ebay,319.0,334.5,True,ebay_new,new,6
2026-07-19,so_gskill_rs_5600,ebay,824.14,646.1,True,ebay_new,new,3
2026-07-19,so_kingston_vr_5600,ebay,565.0,565.0,False,ebay_new,new,1
2026-07-19,so_samsung_oem_16g,ebay,175.0,199.92,True,ebay_new,new,6
2026-07-20,d4_corsair_lpx_3200c16,ebay,175.0,199.99,True,ebay_new,new,25
2026-07-20,d4_gskill_rv_3600c16,ebay,310.37,336.96,True,ebay_new,new,7
2026-07-20,d4_kingston_fury_3200c16,ebay,448.14,436.47,True,ebay_new,new,4
2026-07-20,d4_gskill_rv_3200c16,ebay,131.4,276.43,True,ebay_new,new,20
2026-07-20,d4_corsair_lpx_b3200,ebay,239.99,219.99,False,ebay_new,new,2
2026-07-20,d5_gskill_rs5_6000c32,ebay,751.9,727.27,False,ebay_new,new,2
2026-07-20,d5_kingston_fury_6000c36,ebay,485.95,485.95,False,ebay_new,new,1
2026-07-20,d5_team_delta_6000,ebay,502.39,563.64,True,ebay_new,new,8
2026-07-20,d5_corsair_5200c40,ebay,681.51,593.9,True,ebay_new,new,3
2026-07-20,d5_kingston_5200_kit,ebay,500.0,450.0,True,ebay_new,new,4
2026-07-20,d5_kingston_fury_b_6000c36,ebay,,,False,ebay_new,new,0
2026-07-20,srv_micron_32g_4800,ebay,839.99,872.99,True,ebay_new,new,9
2026-07-20,srv_samsung_32g_base,ebay,988.88,988.88,True,ebay_new,new,5
2026-07-20,srv_samsung_64g_base,ebay,1799.99,1699.0,True,ebay_new,new,3
2026-07-20,srv_hynix_32g_base,ebay,827.63,931.08,True,ebay_new,new,19
2026-07-20,so_kingston_impact_5600,ebay,397.99,519.93,True,ebay_new,new,6
2026-07-20,so_corsair_4800c40,ebay,319.0,334.5,True,ebay_new,new,6
2026-07-20,so_gskill_rs_5600,ebay,824.14,633.43,True,ebay_new,new,3
2026-07-20,so_kingston_vr_5600,ebay,565.0,565.0,False,ebay_new,new,1
2026-07-20,so_samsung_oem_16g,ebay,225.97,225.41,True,ebay_new,new,4
2026-07-21,d4_corsair_lpx_3200c16,ebay,184.95,199.5,True,ebay_new,new,24
2026-07-21,d4_gskill_rv_3600c16,ebay,310.37,340.86,True,ebay_new,new,7
2026-07-21,d4_kingston_fury_3200c16,ebay,432.69,432.69,True,ebay_new,new,5
2026-07-21,d4_gskill_rv_3200c16,ebay,131.4,276.43,True,ebay_new,new,20
2026-07-21,d4_corsair_lpx_b3200,ebay,229.99,214.99,False,ebay_new,new,2
2026-07-21,d5_gskill_rs5_6000c32,ebay,751.9,727.27,False,ebay_new,new,2
2026-07-21,d5_kingston_fury_6000c36,ebay,485.95,485.95,False,ebay_new,new,1
2026-07-21,d5_team_delta_6000,ebay,502.39,563.64,True,ebay_new,new,8
2026-07-21,d5_corsair_5200c40,ebay,593.9,593.9,False,ebay_new,new,2
2026-07-21,d5_kingston_5200_kit,ebay,500.0,450.0,True,ebay_new,new,4
2026-07-21,d5_kingston_fury_b_6000c36,ebay,,,False,ebay_new,new,0
2026-07-21,srv_micron_32g_4800,ebay,839.99,872.99,True,ebay_new,new,9
2026-07-21,srv_samsung_32g_base,ebay,827.63,878.81,True,ebay_new,new,10
2026-07-21,srv_samsung_64g_base,ebay,1799.99,1445.75,True,ebay_new,new,3
2026-07-21,srv_hynix_32g_base,ebay,827.63,931.08,True,ebay_new,new,19
2026-07-21,so_kingston_impact_5600,ebay,397.99,519.93,True,ebay_new,new,6
2026-07-21,so_corsair_4800c40,ebay,350.0,350.0,True,ebay_new,new,5
2026-07-21,so_gskill_rs_5600,ebay,824.14,646.1,True,ebay_new,new,3
2026-07-21,so_kingston_vr_5600,ebay,565.0,565.0,False,ebay_new,new,1
2026-07-21,so_samsung_oem_16g,ebay,225.97,225.41,True,ebay_new,new,4
2026-07-22,d4_corsair_lpx_3200c16,ebay,189.99,199.99,True,ebay_new,new,23
2026-07-22,d4_gskill_rv_3600c16,ebay,298.49,340.86,True,ebay_new,new,7
2026-07-22,d4_kingston_fury_3200c16,ebay,457.1,457.1,True,ebay_new,new,5
2026-07-22,d4_gskill_rv_3200c16,ebay,131.4,276.43,True,ebay_new,new,20
2026-07-22,d4_corsair_lpx_b3200,ebay,229.99,214.99,False,ebay_new,new,2
2026-07-22,d5_gskill_rs5_6000c32,ebay,751.9,727.27,False,ebay_new,new,2
2026-07-22,d5_kingston_fury_6000c36,ebay,485.95,485.95,False,ebay_new,new,1
2026-07-22,d5_team_delta_6000,ebay,502.39,563.64,True,ebay_new,new,8
2026-07-22,d5_corsair_5200c40,ebay,593.9,593.9,False,ebay_new,new,2
2026-07-22,d5_kingston_5200_kit,ebay,500.0,450.0,True,ebay_new,new,4
2026-07-22,srv_micron_32g_4800,ebay,885.56,934.1,True,ebay_new,new,9
2026-07-22,srv_samsung_32g_base,ebay,885.56,885.56,True,ebay_new,new,7
2026-07-22,srv_samsung_64g_base,ebay,1799.99,1799.99,False,ebay_new,new,1
2026-07-22,srv_hynix_32g_base,ebay,885.56,996.26,True,ebay_new,new,19
2026-07-22,so_kingston_impact_5600,ebay,397.99,519.93,True,ebay_new,new,6
2026-07-22,so_corsair_4800c40,ebay,350.0,350.0,True,ebay_new,new,5
2026-07-22,so_gskill_rs_5600,ebay,824.14,646.1,True,ebay_new,new,3
2026-07-22,so_kingston_vr_5600,ebay,565.0,565.0,False,ebay_new,new,1
2026-07-22,so_samsung_oem_16g,ebay,225.97,225.41,True,ebay_new,new,4
2026-07-23,d4_corsair_lpx_3200c16,ebay,189.0,200.0,True,ebay_new,new,22
2026-07-23,d4_gskill_rv_3600c16,ebay,294.99,340.86,True,ebay_new,new,9
2026-07-23,d4_kingston_fury_3200c16,ebay,457.1,457.1,True,ebay_new,new,5
2026-07-23,d4_gskill_rv_3200c16,ebay,131.4,276.43,True,ebay_new,new,20
2026-07-23,d4_corsair_lpx_b3200,ebay,229.99,214.99,False,ebay_new,new,2
2026-07-23,d5_gskill_rs5_6000c32,ebay,751.9,727.27,False,ebay_new,new,2
2026-07-23,d5_kingston_fury_6000c36,ebay,485.95,485.95,False,ebay_new,new,1
2026-07-23,d5_team_delta_6000,ebay,502.39,563.64,True,ebay_new,new,8
2026-07-23,d5_corsair_5200c40,ebay,593.9,593.9,False,ebay_new,new,2
2026-07-23,d5_kingston_5200_kit,ebay,500.0,450.0,True,ebay_new,new,4
2026-07-23,srv_micron_32g_4800,ebay,885.56,934.1,True,ebay_new,new,9
2026-07-23,srv_samsung_32g_base,ebay,885.56,885.56,True,ebay_new,new,6
2026-07-23,srv_samsung_64g_base,ebay,1799.99,1799.99,False,ebay_new,new,1
2026-07-23,srv_hynix_32g_base,ebay,885.56,996.26,True,ebay_new,new,18
2026-07-23,so_kingston_impact_5600,ebay,397.99,507.99,True,ebay_new,new,6
2026-07-23,so_corsair_4800c40,ebay,350.0,350.0,True,ebay_new,new,5
2026-07-23,so_gskill_rs_5600,ebay,824.14,646.1,True,ebay_new,new,3
2026-07-23,so_kingston_vr_5600,ebay,565.0,565.0,False,ebay_new,new,1
2026-07-23,so_samsung_oem_16g,ebay,225.97,225.41,True,ebay_new,new,4
2026-07-24,d4_corsair_lpx_3200c16,ebay,175.0,199.0,True,ebay_new,new,25
2026-07-24,d4_gskill_rv_3600c16,ebay,294.99,316.52,True,ebay_new,new,9
2026-07-24,d4_kingston_fury_3200c16,ebay,448.14,455.8,True,ebay_new,new,6
2026-07-24,d4_gskill_rv_3200c16,ebay,131.4,276.43,True,ebay_new,new,20
2026-07-24,d4_corsair_lpx_b3200,ebay,229.99,214.99,False,ebay_new,new,2
2026-07-24,d5_gskill_rs5_6000c32,ebay,751.9,727.27,False,ebay_new,new,2
2026-07-24,d5_kingston_fury_6000c36,ebay,548.99,517.47,False,ebay_new,new,2
2026-07-24,d5_team_delta_6000,ebay,440.21,525.49,True,ebay_new,new,9
2026-07-24,d5_corsair_5200c40,ebay,593.9,593.9,False,ebay_new,new,2
2026-07-24,d5_kingston_5200_kit,ebay,500.0,450.0,True,ebay_new,new,4
2026-07-24,srv_micron_32g_4800,ebay,899.67,934.1,True,ebay_new,new,8
2026-07-24,srv_samsung_32g_base,ebay,885.56,885.56,True,ebay_new,new,7
2026-07-24,srv_samsung_64g_base,ebay,1799.99,1642.87,False,ebay_new,new,2
2026-07-24,srv_hynix_32g_base,ebay,885.56,996.26,True,ebay_new,new,18
2026-07-24,so_kingston_impact_5600,ebay,397.99,399.0,True,ebay_new,new,8
2026-07-24,so_corsair_4800c40,ebay,350.0,350.0,True,ebay_new,new,5
2026-07-24,so_gskill_rs_5600,ebay,824.14,633.43,True,ebay_new,new,3
2026-07-24,so_kingston_vr_5600,ebay,565.0,565.0,False,ebay_new,new,1
2026-07-24,so_samsung_oem_16g,ebay,219.49,219.49,True,ebay_new,new,5
2026-07-25,d4_corsair_lpx_3200c16,ebay,175.0,199.0,True,ebay_new,new,25
2026-07-25,d4_gskill_rv_3600c16,ebay,294.99,316.52,True,ebay_new,new,9
2026-07-25,d4_kingston_fury_3200c16,ebay,361.67,412.56,True,ebay_new,new,6
2026-07-25,d4_gskill_rv_3200c16,ebay,131.4,276.43,True,ebay_new,new,20
2026-07-25,d4_corsair_lpx_b3200,ebay,229.99,214.99,False,ebay_new,new,2
2026-07-25,d5_gskill_rs5_6000c32,ebay,751.9,727.27,False,ebay_new,new,2
2026-07-25,d5_kingston_fury_6000c36,ebay,485.95,462.57,False,ebay_new,new,2
2026-07-25,d5_team_delta_6000,ebay,435.81,513.97,True,ebay_new,new,10
2026-07-25,d5_corsair_5200c40,ebay,593.9,593.9,False,ebay_new,new,2
2026-07-25,d5_kingston_5200_kit,ebay,500.0,450.0,True,ebay_new,new,4
2026-07-25,srv_micron_32g_4800,ebay,934.1,934.1,True,ebay_new,new,7
2026-07-25,srv_samsung_32g_base,ebay,996.26,992.57,False,ebay_new,new,2
2026-07-25,srv_samsung_64g_base,ebay,1799.99,1642.87,False,ebay_new,new,2
2026-07-25,srv_hynix_32g_base,ebay,885.56,996.26,True,ebay_new,new,18
2026-07-25,so_kingston_impact_5600,ebay,397.99,399.0,True,ebay_new,new,8
2026-07-25,so_corsair_4800c40,ebay,350.0,395.0,True,ebay_new,new,6
2026-07-25,so_gskill_rs_5600,ebay,824.14,633.43,True,ebay_new,new,3
2026-07-25,so_kingston_vr_5600,ebay,565.0,565.0,False,ebay_new,new,1
2026-07-25,so_samsung_oem_16g,ebay,218.39,218.94,True,ebay_new,new,6
2026-07-26,d4_corsair_lpx_3200c16,ebay,184.95,199.5,True,ebay_new,new,22
2026-07-26,d4_gskill_rv_3600c16,ebay,294.99,328.69,True,ebay_new,new,10
2026-07-26,d4_kingston_fury_3200c16,ebay,361.67,412.56,True,ebay_new,new,6
2026-07-26,d4_gskill_rv_3200c16,ebay,131.4,276.43,True,ebay_new,new,21
2026-07-26,d4_corsair_lpx_b3200,ebay,229.99,214.99,False,ebay_new,new,2
2026-07-26,d5_gskill_rs5_6000c32,ebay,751.9,727.27,False,ebay_new,new,2
2026-07-26,d5_kingston_fury_6000c36,ebay,485.95,462.57,False,ebay_new,new,2
2026-07-26,d5_team_delta_6000,ebay,502.45,563.64,True,ebay_new,new,8
2026-07-26,d5_corsair_5200c40,ebay,593.9,593.9,False,ebay_new,new,2
2026-07-26,d5_kingston_5200_kit,ebay,500.0,450.0,True,ebay_new,new,4
2026-07-26,srv_micron_32g_4800,ebay,934.1,934.1,True,ebay_new,new,7
2026-07-26,srv_samsung_32g_base,ebay,996.26,992.57,False,ebay_new,new,2
2026-07-26,srv_samsung_64g_base,ebay,1799.99,1799.99,False,ebay_new,new,1
2026-07-26,srv_hynix_32g_base,ebay,885.56,996.26,True,ebay_new,new,18
2026-07-26,so_kingston_impact_5600,ebay,339.99,399.0,True,ebay_new,new,9
2026-07-26,so_corsair_4800c40,ebay,350.0,395.0,True,ebay_new,new,6
2026-07-26,so_gskill_rs_5600,ebay,824.14,646.1,True,ebay_new,new,3
2026-07-26,so_kingston_vr_5600,ebay,565.0,565.0,False,ebay_new,new,1
2026-07-26,so_samsung_oem_16g,ebay,218.39,218.94,True,ebay_new,new,6
2026-07-27,d4_corsair_lpx_3200c16,ebay,184.99,200.0,True,ebay_new,new,21
2026-07-27,d4_gskill_rv_3600c16,ebay,294.99,328.69,True,ebay_new,new,10
2026-07-27,d4_kingston_fury_3200c16,ebay,361.67,412.56,True,ebay_new,new,6
2026-07-27,d4_gskill_rv_3200c16,ebay,131.4,276.43,True,ebay_new,new,20
2026-07-27,d4_corsair_lpx_b3200,ebay,229.99,199.99,True,ebay_new,new,3
2026-07-27,d5_gskill_rs5_6000c32,ebay,751.9,727.27,False,ebay_new,new,2
2026-07-27,d5_kingston_fury_6000c36,ebay,485.95,462.57,False,ebay_new,new,2
2026-07-27,d5_team_delta_6000,ebay,502.45,563.64,True,ebay_new,new,8
2026-07-27,d5_corsair_5200c40,ebay,593.9,593.9,False,ebay_new,new,2
2026-07-27,d5_kingston_5200_kit,ebay,500.0,450.0,True,ebay_new,new,4
2026-07-27,srv_micron_32g_4800,ebay,934.1,934.1,True,ebay_new,new,7
2026-07-27,srv_samsung_32g_base,ebay,996.26,992.57,False,ebay_new,new,2
2026-07-27,srv_samsung_64g_base,ebay,1799.99,1799.99,False,ebay_new,new,1
2026-07-27,srv_hynix_32g_base,ebay,885.56,996.26,True,ebay_new,new,18
2026-07-27,so_kingston_impact_5600,ebay,397.99,399.0,True,ebay_new,new,8
2026-07-27,so_corsair_4800c40,ebay,350.0,395.0,True,ebay_new,new,6
2026-07-27,so_gskill_rs_5600,ebay,824.14,633.43,True,ebay_new,new,3
2026-07-27,so_kingston_vr_5600,ebay,565.0,565.0,False,ebay_new,new,1
2026-07-27,so_samsung_oem_16g,ebay,218.39,218.94,True,ebay_new,new,6
2026-07-28,d4_corsair_lpx_3200c16,ebay,179.99,199.5,True,ebay_new,new,22
2026-07-28,d4_gskill_rv_3600c16,ebay,286.6,328.69,True,ebay_new,new,10
2026-07-28,d4_kingston_fury_3200c16,ebay,361.67,411.74,True,ebay_new,new,6
2026-07-28,d4_gskill_rv_3200c16,ebay,127.46,268.14,True,ebay_new,new,20
2026-07-28,d4_corsair_lpx_b3200,ebay,229.99,214.99,False,ebay_new,new,2
2026-07-28,d5_gskill_rs5_6000c32,ebay,751.9,727.27,False,ebay_new,new,2
2026-07-28,d5_kingston_fury_6000c36,ebay,485.95,462.57,False,ebay_new,new,2
2026-07-28,d5_team_delta_6000,ebay,502.45,563.64,True,ebay_new,new,8
2026-07-28,d5_corsair_5200c40,ebay,593.9,593.9,False,ebay_new,new,2
2026-07-28,d5_kingston_5200_kit,ebay,500.0,450.0,True,ebay_new,new,4
2026-07-28,srv_micron_32g_4800,ebay,934.1,934.1,True,ebay_new,new,7
2026-07-28,srv_samsung_32g_base,ebay,996.26,992.57,False,ebay_new,new,2
2026-07-28,srv_samsung_64g_base,ebay,1799.99,1799.99,False,ebay_new,new,1
2026-07-28,srv_hynix_32g_base,ebay,885.56,996.26,True,ebay_new,new,18
2026-07-28,so_kingston_impact_5600,ebay,397.99,399.0,True,ebay_new,new,8
2026-07-28,so_corsair_4800c40,ebay,350.0,395.0,True,ebay_new,new,6
2026-07-28,so_gskill_rs_5600,ebay,824.14,633.43,True,ebay_new,new,3
2026-07-28,so_kingston_vr_5600,ebay,565.0,565.0,False,ebay_new,new,1
2026-07-28,so_samsung_oem_16g,ebay,218.39,218.94,True,ebay_new,new,6
2026-07-29,d4_corsair_lpx_3200c16,ebay,179.99,198.5,True,ebay_new,new,24
2026-07-29,d4_gskill_rv_3600c16,ebay,286.6,304.17,True,ebay_new,new,9
2026-07-29,d4_kingston_fury_3200c16,ebay,297.65,343.01,True,ebay_new,new,6
2026-07-29,d4_gskill_rv_3200c16,ebay,127.46,283.26,True,ebay_new,new,20
2026-07-29,d4_corsair_lpx_b3200,ebay,229.99,214.99,False,ebay_new,new,2
2026-07-29,d5_gskill_rs5_6000c32,ebay,751.9,727.27,False,ebay_new,new,2
2026-07-29,d5_kingston_fury_6000c36,ebay,485.95,439.19,True,ebay_new,new,3
2026-07-29,d5_team_delta_6000,ebay,502.45,563.64,True,ebay_new,new,8
2026-07-29,d5_corsair_5200c40,ebay,593.9,593.9,False,ebay_new,new,2
2026-07-29,d5_kingston_5200_kit,ebay,712.49,500.0,True,ebay_new,new,3
2026-07-29,srv_micron_32g_4800,ebay,934.1,934.1,True,ebay_new,new,7
2026-07-29,srv_samsung_32g_base,ebay,996.26,992.57,False,ebay_new,new,2
2026-07-29,srv_samsung_64g_base,ebay,1799.99,1749.49,False,ebay_new,new,2
2026-07-29,srv_hynix_32g_base,ebay,885.56,996.26,True,ebay_new,new,18
2026-07-29,so_kingston_impact_5600,ebay,397.99,399.0,True,ebay_new,new,8
2026-07-29,so_corsair_4800c40,ebay,350.0,395.0,True,ebay_new,new,6
2026-07-29,so_gskill_rs_5600,ebay,824.14,646.1,True,ebay_new,new,3
2026-07-29,so_kingston_vr_5600,ebay,565.0,565.0,False,ebay_new,new,1
2026-07-29,so_samsung_oem_16g,ebay,218.39,218.94,True,ebay_new,new,6
2026-07-30,d4_corsair_lpx_3200c16,ebay,179.99,198.5,True,ebay_new,new,24
2026-07-30,d4_gskill_rv_3600c16,ebay,286.6,304.17,True,ebay_new,new,9
2026-07-30,d4_kingston_fury_3200c16,ebay,342.19,402.0,True,ebay_new,new,6
2026-07-30,d4_gskill_rv_3200c16,ebay,127.46,268.31,True,ebay_new,new,20
2026-07-30,d4_corsair_lpx_b3200,ebay,229.99,214.99,False,ebay_new,new,2
2026-07-30,d5_gskill_rs5_6000c32,ebay,751.9,727.27,False,ebay_new,new,2
2026-07-30,d5_kingston_fury_6000c36,ebay,458.95,449.07,False,ebay_new,new,2
2026-07-30,d5_team_delta_6000,ebay,525.49,604.66,True,ebay_new,new,8
2026-07-30,d5_corsair_5200c40,ebay,593.9,593.9,False,ebay_new,new,2
2026-07-30,d5_kingston_5200_kit,ebay,712.49,500.0,True,ebay_new,new,3
2026-07-30,srv_micron_32g_4800,ebay,934.1,934.1,True,ebay_new,new,6
2026-07-30,srv_samsung_32g_base,ebay,996.26,992.57,False,ebay_new,new,2
2026-07-30,srv_samsung_64g_base,ebay,1799.99,1749.49,False,ebay_new,new,2
2026-07-30,srv_hynix_32g_base,ebay,885.56,996.26,True,ebay_new,new,18
2026-07-30,so_kingston_impact_5600,ebay,397.99,399.0,True,ebay_new,new,8
2026-07-30,so_corsair_4800c40,ebay,350.0,395.0,True,ebay_new,new,6
2026-07-30,so_gskill_rs_5600,ebay,824.14,646.1,True,ebay_new,new,3
2026-07-30,so_kingston_vr_5600,ebay,565.0,565.0,False,ebay_new,new,1
2026-07-30,so_samsung_oem_16g,ebay,218.39,218.94,True,ebay_new,new,6
2026-07-31,d4_corsair_lpx_3200c16,ebay,179.99,198.5,True,ebay_new,new,24
2026-07-31,d4_gskill_rv_3600c16,ebay,286.6,304.17,True,ebay_new,new,9
2026-07-31,d4_kingston_fury_3200c16,ebay,342.19,342.19,True,ebay_new,new,5
2026-07-31,d4_gskill_rv_3200c16,ebay,127.46,268.31,True,ebay_new,new,20
2026-07-31,d4_corsair_lpx_b3200,ebay,229.99,214.99,False,ebay_new,new,2
2026-07-31,d5_gskill_rs5_6000c32,ebay,751.9,727.27,False,ebay_new,new,2
2026-07-31,d5_kingston_fury_6000c36,ebay,458.95,449.07,False,ebay_new,new,2
2026-07-31,d5_team_delta_6000,ebay,601.79,607.54,True,ebay_new,new,7
2026-07-31,d5_corsair_5200c40,ebay,593.9,593.9,False,ebay_new,new,2
2026-07-31,d5_kingston_5200_kit,ebay,712.49,500.0,True,ebay_new,new,3
2026-07-31,srv_micron_32g_4800,ebay,934.1,934.1,True,ebay_new,new,7
2026-07-31,srv_samsung_32g_base,ebay,996.26,992.57,False,ebay_new,new,2
2026-07-31,srv_samsung_64g_base,ebay,1799.99,1799.99,False,ebay_new,new,1
2026-07-31,srv_hynix_32g_base,ebay,885.56,996.26,True,ebay_new,new,18
2026-07-31,so_kingston_impact_5600,ebay,349.0,399.0,True,ebay_new,new,9
2026-07-31,so_corsair_4800c40,ebay,350.0,350.0,True,ebay_new,new,5
2026-07-31,so_gskill_rs_5600,ebay,824.14,646.1,True,ebay_new,new,3
2026-07-31,so_kingston_vr_5600,ebay,565.0,565.0,False,ebay_new,new,1
2026-07-31,so_samsung_oem_16g,ebay,175.0,218.39,True,ebay_new,new,7
2026-08-01,d4_corsair_lpx_3200c16,ebay,159.99,200.0,True,ebay_new,new,25
2026-08-01,d4_gskill_rv_3600c16,ebay,208.0,299.58,True,ebay_new,new,10
2026-08-01,d4_kingston_fury_3200c16,ebay,361.67,361.67,True,ebay_new,new,5
2026-08-01,d4_gskill_rv_3200c16,ebay,127.46,268.14,True,ebay_new,new,20
2026-08-01,d4_corsair_lpx_b3200,ebay,229.99,214.99,False,ebay_new,new,2
2026-08-01,d5_gskill_rs5_6000c32,ebay,751.9,727.27,False,ebay_new,new,2
2026-08-01,d5_kingston_fury_6000c36,ebay,458.95,439.19,True,ebay_new,new,3
2026-08-01,d5_team_delta_6000,ebay,601.79,607.54,True,ebay_new,new,7
2026-08-01,d5_corsair_5200c40,ebay,593.9,593.9,False,ebay_new,new,2
2026-08-01,d5_kingston_5200_kit,ebay,712.49,500.0,True,ebay_new,new,3
2026-08-01,srv_micron_32g_4800,ebay,1099.99,1102.24,True,ebay_new,new,7
2026-08-01,srv_samsung_32g_base,ebay,1175.59,1082.23,False,ebay_new,new,2
2026-08-01,srv_samsung_64g_base,ebay,1799.99,1799.99,False,ebay_new,new,1
2026-08-01,srv_hynix_32g_base,ebay,988.88,1099.99,True,ebay_new,new,19
2026-08-01,so_kingston_impact_5600,ebay,349.0,399.0,True,ebay_new,new,9
2026-08-01,so_corsair_4800c40,ebay,350.0,350.0,True,ebay_new,new,5
2026-08-01,so_gskill_rs_5600,ebay,824.14,633.43,True,ebay_new,new,3
2026-08-01,so_kingston_vr_5600,ebay,565.0,565.0,False,ebay_new,new,1
2026-08-01,so_samsung_oem_16g,ebay,175.0,218.39,True,ebay_new,new,7
2026-08-02,d4_corsair_lpx_3200c16,ebay,159.99,200.0,True,ebay_new,new,25
2026-08-02,d4_gskill_rv_3600c16,ebay,208.0,299.58,True,ebay_new,new,10
2026-08-02,d4_kingston_fury_3200c16,ebay,361.67,361.67,True,ebay_new,new,5
2026-08-02,d4_gskill_rv_3200c16,ebay,127.46,268.14,True,ebay_new,new,20
2026-08-02,d4_corsair_lpx_b3200,ebay,229.99,214.99,False,ebay_new,new,2
2026-08-02,d5_gskill_rs5_6000c32,ebay,751.9,727.27,False,ebay_new,new,2
2026-08-02,d5_kingston_fury_6000c36,ebay,458.95,439.19,True,ebay_new,new,3
2026-08-02,d5_team_delta_6000,ebay,601.79,607.54,True,ebay_new,new,7
2026-08-02,d5_corsair_5200c40,ebay,593.9,593.9,False,ebay_new,new,2
2026-08-02,d5_kingston_5200_kit,ebay,712.49,606.25,False,ebay_new,new,2
2026-08-02,srv_micron_32g_4800,ebay,1099.99,1102.24,True,ebay_new,new,7
2026-08-02,srv_samsung_32g_base,ebay,1175.59,1082.23,False,ebay_new,new,2
2026-08-02,srv_samsung_64g_base,ebay,1799.99,1799.99,False,ebay_new,new,1
2026-08-02,srv_hynix_32g_base,ebay,988.88,1099.99,True,ebay_new,new,19
2026-08-02,so_kingston_impact_5600,ebay,349.0,398.5,True,ebay_new,new,10
2026-08-02,so_corsair_4800c40,ebay,350.0,350.0,True,ebay_new,new,5
2026-08-02,so_gskill_rs_5600,ebay,824.14,633.43,True,ebay_new,new,3
2026-08-02,so_kingston_vr_5600,ebay,565.0,565.0,False,ebay_new,new,1
2026-08-02,so_samsung_oem_16g,ebay,175.0,218.39,True,ebay_new,new,7
2026-08-03,d4_corsair_lpx_3200c16,ebay,159.99,200.0,True,ebay_new,new,25
2026-08-03,d4_gskill_rv_3600c16,ebay,208.0,299.58,True,ebay_new,new,10
2026-08-03,d4_kingston_fury_3200c16,ebay,361.67,361.67,True,ebay_new,new,5
2026-08-03,d4_gskill_rv_3200c16,ebay,127.46,268.14,True,ebay_new,new,20
2026-08-03,d4_corsair_lpx_b3200,ebay,229.99,214.99,False,ebay_new,new,2
2026-08-03,d5_gskill_rs5_6000c32,ebay,751.9,727.27,False,ebay_new,new,2
2026-08-03,d5_kingston_fury_6000c36,ebay,458.95,449.07,False,ebay_new,new,2
2026-08-03,d5_team_delta_6000,ebay,601.79,607.54,True,ebay_new,new,7
2026-08-03,d5_corsair_5200c40,ebay,593.9,593.9,False,ebay_new,new,2
2026-08-03,d5_kingston_5200_kit,ebay,712.49,606.25,False,ebay_new,new,2
2026-08-03,srv_micron_32g_4800,ebay,1099.99,1102.24,True,ebay_new,new,7
2026-08-03,srv_samsung_32g_base,ebay,1175.59,1082.23,False,ebay_new,new,2
2026-08-03,srv_samsung_64g_base,ebay,1799.99,1799.99,False,ebay_new,new,1
2026-08-03,srv_hynix_32g_base,ebay,988.88,1099.99,True,ebay_new,new,19
2026-08-03,so_kingston_impact_5600,ebay,380.0,399.0,True,ebay_new,new,9
2026-08-03,so_corsair_4800c40,ebay,350.0,350.0,True,ebay_new,new,5
2026-08-03,so_gskill_rs_5600,ebay,824.14,633.43,True,ebay_new,new,3
2026-08-03,so_kingston_vr_5600,ebay,565.0,565.0,False,ebay_new,new,1
2026-08-03,so_samsung_oem_16g,ebay,175.0,218.39,True,ebay_new,new,7
2026-08-04,d4_corsair_lpx_3200c16,ebay,159.99,200.0,True,ebay_new,new,24
2026-08-04,d4_gskill_rv_3600c16,ebay,208.0,299.58,True,ebay_new,new,10
2026-08-04,d4_kingston_fury_3200c16,ebay,424.79,424.79,True,ebay_new,new,5
2026-08-04,d4_gskill_rv_3200c16,ebay,127.46,268.14,True,ebay_new,new,21
2026-08-04,d4_corsair_lpx_b3200,ebay,249.99,224.99,False,ebay_new,new,2
2026-08-04,d5_gskill_rs5_6000c32,ebay,751.9,727.27,False,ebay_new,new,2
2026-08-04,d5_kingston_fury_6000c36,ebay,458.95,449.07,False,ebay_new,new,2
2026-08-04,d5_team_delta_6000,ebay,525.49,601.79,True,ebay_new,new,7
2026-08-04,d5_corsair_5200c40,ebay,593.9,593.9,False,ebay_new,new,2
2026-08-04,d5_kingston_5200_kit,ebay,712.49,606.25,False,ebay_new,new,2
2026-08-04,srv_micron_32g_4800,ebay,1099.99,1102.24,True,ebay_new,new,7
2026-08-04,srv_samsung_32g_base,ebay,1044.96,1044.96,True,ebay_new,new,5
2026-08-04,srv_samsung_64g_base,ebay,1799.99,1799.99,False,ebay_new,new,1
2026-08-04,srv_hynix_32g_base,ebay,988.88,1099.99,True,ebay_new,new,19
2026-08-04,so_kingston_impact_5600,ebay,380.0,399.0,True,ebay_new,new,9
2026-08-04,so_corsair_4800c40,ebay,350.0,350.0,True,ebay_new,new,5
2026-08-04,so_gskill_rs_5600,ebay,824.14,633.43,True,ebay_new,new,3
2026-08-04,so_kingston_vr_5600,ebay,565.0,565.0,False,ebay_new,new,1
2026-08-04,so_samsung_oem_16g,ebay,216.75,218.39,True,ebay_new,new,7
2026-08-05,d4_corsair_lpx_3200c16,ebay,175.0,200.0,True,ebay_new,new,24
2026-08-05,d4_gskill_rv_3600c16,ebay,240.0,294.99,True,ebay_new,new,11
2026-08-05,d4_kingston_fury_3200c16,ebay,470.64,459.39,True,ebay_new,new,4
2026-08-05,d4_gskill_rv_3200c16,ebay,127.46,268.14,True,ebay_new,new,21
2026-08-05,d4_corsair_lpx_b3200,ebay,249.99,224.99,False,ebay_new,new,2
2026-08-05,d5_gskill_rs5_6000c32,ebay,751.9,727.27,False,ebay_new,new,2
2026-08-05,d5_kingston_fury_6000c36,ebay,439.19,424.1,True,ebay_new,new,4
2026-08-05,d5_team_delta_6000,ebay,525.49,588.79,True,ebay_new,new,6
2026-08-05,d5_corsair_5200c40,ebay,593.9,593.9,False,ebay_new,new,2
2026-08-05,d5_kingston_5200_kit,ebay,733.15,616.58,False,ebay_new,new,2
2026-08-05,srv_micron_32g_4800,ebay,1099.99,1102.24,True,ebay_new,new,7
2026-08-05,srv_samsung_32g_base,ebay,1044.96,1044.96,True,ebay_new,new,5
2026-08-05,srv_samsung_64g_base,ebay,1799.99,1799.99,False,ebay_new,new,1
2026-08-05,srv_hynix_32g_base,ebay,988.88,1099.99,True,ebay_new,new,19
2026-08-05,so_kingston_impact_5600,ebay,380.0,398.5,True,ebay_new,new,8
2026-08-05,so_corsair_4800c40,ebay,350.0,329.5,True,ebay_new,new,4
2026-08-05,so_gskill_rs_5600,ebay,808.14,621.08,True,ebay_new,new,3
2026-08-05,so_kingston_vr_5600,ebay,565.0,565.0,False,ebay_new,new,1
2026-08-05,so_samsung_oem_16g,ebay,210.82,212.42,True,ebay_new,new,7
2026-08-06,d4_corsair_lpx_3200c16,ebay,164.99,200.0,True,ebay_new,new,25
2026-08-06,d4_gskill_rv_3600c16,ebay,240.0,294.99,True,ebay_new,new,11
2026-08-06,d4_kingston_fury_3200c16,ebay,448.14,448.14,True,ebay_new,new,5
2026-08-06,d4_gskill_rv_3200c16,ebay,127.46,268.14,True,ebay_new,new,20
2026-08-06,d4_corsair_lpx_b3200,ebay,249.99,224.99,False,ebay_new,new,2
2026-08-06,d5_gskill_rs5_6000c32,ebay,751.9,727.27,False,ebay_new,new,2
2026-08-06,d5_kingston_fury_6000c36,ebay,458.95,439.19,True,ebay_new,new,3
2026-08-06,d5_team_delta_6000,ebay,521.65,563.64,True,ebay_new,new,8
2026-08-06,d5_corsair_5200c40,ebay,614.9,614.9,False,ebay_new,new,2
2026-08-06,d5_kingston_5200_kit,ebay,732.44,616.22,False,ebay_new,new,2
2026-08-06,srv_micron_32g_4800,ebay,1099.99,1102.24,True,ebay_new,new,7
2026-08-06,srv_samsung_32g_base,ebay,1044.96,1044.96,True,ebay_new,new,5
2026-08-06,srv_samsung_64g_base,ebay,1799.99,1724.49,False,ebay_new,new,2
2026-08-06,srv_hynix_32g_base,ebay,988.88,1099.99,True,ebay_new,new,19
2026-08-06,so_kingston_impact_5600,ebay,339.99,393.5,True,ebay_new,new,10
2026-08-06,so_corsair_4800c40,ebay,350.0,329.5,True,ebay_new,new,4
2026-08-06,so_gskill_rs_5600,ebay,808.14,621.08,True,ebay_new,new,3
2026-08-06,so_kingston_vr_5600,ebay,565.0,565.0,False,ebay_new,new,1
2026-08-06,so_samsung_oem_16g,ebay,210.82,212.42,True,ebay_new,new,7
2026-08-07,d4_corsair_lpx_3200c16,ebay,180.0,214.99,True,ebay_new,new,21
2026-08-07,d4_gskill_rv_3600c16,ebay,240.0,286.6,True,ebay_new,new,11
2026-08-07,d4_kingston_fury_3200c16,ebay,448.14,448.14,True,ebay_new,new,5
2026-08-07,d4_gskill_rv_3200c16,ebay,127.46,268.14,True,ebay_new,new,20
2026-08-07,d4_corsair_lpx_b3200,ebay,249.99,224.99,False,ebay_new,new,2
2026-08-07,d5_gskill_rs5_6000c32,ebay,751.9,727.27,False,ebay_new,new,2
2026-08-07,d5_kingston_fury_6000c36,ebay,458.95,439.19,True,ebay_new,new,3
2026-08-07,d5_team_delta_6000,ebay,521.65,563.64,True,ebay_new,new,8
2026-08-07,d5_corsair_5200c40,ebay,614.9,614.9,False,ebay_new,new,2
2026-08-07,d5_kingston_5200_kit,ebay,732.44,616.22,False,ebay_new,new,2
2026-08-07,srv_micron_32g_4800,ebay,1099.99,1102.24,True,ebay_new,new,7
2026-08-07,srv_samsung_32g_base,ebay,1044.96,1044.96,True,ebay_new,new,5
2026-08-07,srv_samsung_64g_base,ebay,1799.99,1799.99,False,ebay_new,new,1
2026-08-07,srv_hynix_32g_base,ebay,1044.96,1099.99,True,ebay_new,new,18
2026-08-07,so_kingston_impact_5600,ebay,339.99,393.5,True,ebay_new,new,10
2026-08-07,so_corsair_4800c40,ebay,309.0,329.5,True,ebay_new,new,6
2026-08-07,so_gskill_rs_5600,ebay,808.14,621.08,True,ebay_new,new,3
2026-08-07,so_kingston_vr_5600,ebay,565.0,565.0,False,ebay_new,new,1
2026-08-07,so_samsung_oem_16g,ebay,210.82,212.95,True,ebay_new,new,8
2026-08-08,d4_corsair_lpx_3200c16,ebay,180.0,221.98,True,ebay_new,new,18
2026-08-08,d4_gskill_rv_3600c16,ebay,240.0,295.38,True,ebay_new,new,12
2026-08-08,d4_kingston_fury_3200c16,ebay,448.14,448.14,True,ebay_new,new,5
2026-08-08,d4_gskill_rv_3200c16,ebay,127.46,268.14,True,ebay_new,new,20
2026-08-08,d4_corsair_lpx_b3200,ebay,249.99,224.99,False,ebay_new,new,2
2026-08-08,d5_gskill_rs5_6000c32,ebay,751.9,727.27,False,ebay_new,new,2
2026-08-08,d5_kingston_fury_6000c36,ebay,458.95,439.19,True,ebay_new,new,3
2026-08-08,d5_team_delta_6000,ebay,502.51,525.49,True,ebay_new,new,9
2026-08-08,d5_corsair_5200c40,ebay,614.9,614.9,False,ebay_new,new,2
2026-08-08,d5_kingston_5200_kit,ebay,724.21,500.0,True,ebay_new,new,3
2026-08-08,srv_micron_32g_4800,ebay,1099.99,1102.24,True,ebay_new,new,7
2026-08-08,srv_samsung_32g_base,ebay,1175.59,1082.23,False,ebay_new,new,2
2026-08-08,srv_samsung_64g_base,ebay,1799.99,1799.99,False,ebay_new,new,1
2026-08-08,srv_hynix_32g_base,ebay,1044.96,1099.99,True,ebay_new,new,18
2026-08-08,so_kingston_impact_5600,ebay,374.99,399.0,True,ebay_new,new,9
2026-08-08,so_corsair_4800c40,ebay,350.0,350.0,True,ebay_new,new,5
2026-08-08,so_gskill_rs_5600,ebay,808.14,621.08,True,ebay_new,new,3
2026-08-08,so_kingston_vr_5600,ebay,565.0,565.0,False,ebay_new,new,1
2026-08-08,so_samsung_oem_16g,ebay,210.82,212.95,True,ebay_new,new,8
2026-08-09,d4_corsair_lpx_3200c16,ebay,175.0,209.99,True,ebay_new,new,21
2026-08-09,d4_gskill_rv_3600c16,ebay,249.99,304.17,True,ebay_new,new,11
2026-08-09,d4_kingston_fury_3200c16,ebay,448.14,448.14,True,ebay_new,new,5
2026-08-09,d4_gskill_rv_3200c16,ebay,127.46,268.14,True,ebay_new,new,20
2026-08-09,d4_corsair_lpx_b3200,ebay,249.99,224.99,False,ebay_new,new,2
2026-08-09,d5_gskill_rs5_6000c32,ebay,751.9,727.27,False,ebay_new,new,2
2026-08-09,d5_kingston_fury_6000c36,ebay,458.95,439.19,True,ebay_new,new,3
2026-08-09,d5_team_delta_6000,ebay,502.51,525.49,True,ebay_new,new,9
2026-08-09,d5_corsair_5200c40,ebay,614.9,614.9,False,ebay_new,new,2
2026-08-09,d5_kingston_5200_kit,ebay,724.21,500.0,True,ebay_new,new,3
2026-08-09,srv_micron_32g_4800,ebay,1099.99,1102.24,True,ebay_new,new,7
2026-08-09,srv_samsung_32g_base,ebay,1175.59,1082.23,False,ebay_new,new,2
2026-08-09,srv_samsung_64g_base,ebay,1799.99,1799.99,False,ebay_new,new,1
2026-08-09,srv_hynix_32g_base,ebay,1044.96,1099.99,True,ebay_new,new,17
2026-08-09,so_kingston_impact_5600,ebay,374.99,399.0,True,ebay_new,new,9
2026-08-09,so_corsair_4800c40,ebay,350.0,329.5,True,ebay_new,new,4
2026-08-09,so_gskill_rs_5600,ebay,808.14,621.08,True,ebay_new,new,3
2026-08-09,so_kingston_vr_5600,ebay,565.0,565.0,False,ebay_new,new,1
2026-08-09,so_samsung_oem_16g,ebay,210.82,212.95,True,ebay_new,new,8
2026-08-10,d4_corsair_lpx_3200c16,ebay,175.0,209.99,True,ebay_new,new,21
2026-08-10,d4_gskill_rv_3600c16,ebay,249.99,304.17,True,ebay_new,new,11
2026-08-10,d4_kingston_fury_3200c16,ebay,361.67,361.67,True,ebay_new,new,5
2026-08-10,d4_gskill_rv_3200c16,ebay,127.46,268.14,True,ebay_new,new,20
2026-08-10,d4_corsair_lpx_b3200,ebay,249.99,224.99,False,ebay_new,new,2
2026-08-10,d5_gskill_rs5_6000c32,ebay,751.9,727.27,False,ebay_new,new,2
2026-08-10,d5_kingston_fury_6000c36,ebay,458.95,449.07,False,ebay_new,new,2
2026-08-10,d5_team_delta_6000,ebay,502.51,525.49,True,ebay_new,new,9
2026-08-10,d5_corsair_5200c40,ebay,,,False,ebay_new,new,0
2026-08-10,d5_kingston_5200_kit,ebay,694.52,500.0,True,ebay_new,new,3
2026-08-10,srv_micron_32g_4800,ebay,1099.99,1102.24,True,ebay_new,new,7
2026-08-10,srv_samsung_32g_base,ebay,1175.59,1082.23,False,ebay_new,new,2
2026-08-10,srv_samsung_64g_base,ebay,1799.99,1799.99,False,ebay_new,new,1
2026-08-10,srv_hynix_32g_base,ebay,1044.96,1099.99,True,ebay_new,new,17
2026-08-10,so_kingston_impact_5600,ebay,374.99,399.0,True,ebay_new,new,9
2026-08-10,so_corsair_4800c40,ebay,350.0,294.0,True,ebay_new,new,3
2026-08-10,so_gskill_rs_5600,ebay,808.14,621.08,True,ebay_new,new,3
2026-08-10,so_kingston_vr_5600,ebay,565.0,565.0,False,ebay_new,new,1
2026-08-10,so_samsung_oem_16g,ebay,210.82,212.95,True,ebay_new,new,8
2026-08-11,d4_corsair_lpx_3200c16,ebay,175.0,209.99,True,ebay_new,new,21
2026-08-11,d4_gskill_rv_3600c16,ebay,249.99,304.17,True,ebay_new,new,11
2026-08-11,d4_kingston_fury_3200c16,ebay,361.67,361.67,True,ebay_new,new,5
2026-08-11,d4_gskill_rv_3200c16,ebay,127.46,268.14,True,ebay_new,new,20
2026-08-11,d4_corsair_lpx_b3200,ebay,249.99,224.99,False,ebay_new,new,2
2026-08-11,d5_gskill_rs5_6000c32,ebay,751.9,727.27,False,ebay_new,new,2
2026-08-11,d5_kingston_fury_6000c36,ebay,458.95,449.07,False,ebay_new,new,2
2026-08-11,d5_team_delta_6000,ebay,502.51,525.49,True,ebay_new,new,9
2026-08-11,d5_corsair_5200c40,ebay,,,False,ebay_new,new,0
2026-08-11,d5_kingston_5200_kit,ebay,694.52,500.0,True,ebay_new,new,3
2026-08-11,srv_micron_32g_4800,ebay,1099.99,1102.24,True,ebay_new,new,7
2026-08-11,srv_samsung_32g_base,ebay,1175.59,1082.23,False,ebay_new,new,2
2026-08-11,srv_samsung_64g_base,ebay,1799.99,1799.99,False,ebay_new,new,1
2026-08-11,srv_hynix_32g_base,ebay,1044.96,1099.99,True,ebay_new,new,17
2026-08-11,so_kingston_impact_5600,ebay,374.99,399.0,True,ebay_new,new,9
2026-08-11,so_corsair_4800c40,ebay,350.0,294.0,True,ebay_new,new,3
2026-08-11,so_gskill_rs_5600,ebay,808.14,621.08,True,ebay_new,new,3
2026-08-11,so_kingston_vr_5600,ebay,565.0,565.0,False,ebay_new,new,1
2026-08-11,so_samsung_oem_16g,ebay,210.82,212.95,True,ebay_new,new,8
2026-08-12,d4_corsair_lpx_3200c16,ebay,175.0,214.99,True,ebay_new,new,21
2026-08-12,d4_gskill_rv_3600c16,ebay,249.99,304.17,True,ebay_new,new,11
2026-08-12,d4_kingston_fury_3200c16,ebay,361.67,361.67,True,ebay_new,new,5
2026-08-12,d4_gskill_rv_3200c16,ebay,127.46,268.14,True,ebay_new,new,20
2026-08-12,d4_corsair_lpx_b3200,ebay,249.99,224.99,False,ebay_new,new,2
2026-08-12,d5_gskill_rs5_6000c32,ebay,751.9,727.27,False,ebay_new,new,2
2026-08-12,d5_kingston_fury_6000c36,ebay,458.95,449.07,False,ebay_new,new,2
2026-08-12,d5_team_delta_6000,ebay,522.9,563.64,True,ebay_new,new,8
2026-08-12,d5_corsair_5200c40,ebay,,,False,ebay_new,new,0
2026-08-12,d5_kingston_5200_kit,ebay,695.88,597.94,False,ebay_new,new,2
2026-08-12,srv_micron_32g_4800,ebay,1099.99,1102.24,True,ebay_new,new,7
2026-08-12,srv_samsung_32g_base,ebay,1175.59,1082.23,False,ebay_new,new,2
2026-08-12,srv_samsung_64g_base,ebay,1799.99,1799.99,False,ebay_new,new,1
2026-08-12,srv_hynix_32g_base,ebay,1044.96,1099.99,True,ebay_new,new,17
2026-08-12,so_kingston_impact_5600,ebay,374.99,399.0,True,ebay_new,new,9
2026-08-12,so_corsair_4800c40,ebay,350.0,294.0,True,ebay_new,new,3
2026-08-12,so_gskill_rs_5600,ebay,808.14,621.08,True,ebay_new,new,3
2026-08-12,so_kingston_vr_5600,ebay,576.0,576.0,False,ebay_new,new,1
2026-08-12,so_samsung_oem_16g,ebay,210.82,214.03,True,ebay_new,new,8
2026-08-13,d4_corsair_lpx_3200c16,ebay,184.0,229.99,True,ebay_new,new,19
2026-08-13,d4_gskill_rv_3600c16,ebay,249.99,304.17,True,ebay_new,new,11
2026-08-13,d4_kingston_fury_3200c16,ebay,349.99,361.67,True,ebay_new,new,7
2026-08-13,d4_gskill_rv_3200c16,ebay,127.46,268.14,True,ebay_new,new,20
2026-08-13,d4_corsair_lpx_b3200,ebay,249.99,224.99,False,ebay_new,new,2
2026-08-13,d5_gskill_rs5_6000c32,ebay,751.9,727.27,False,ebay_new,new,2
2026-08-13,d5_kingston_fury_6000c36,ebay,458.95,449.07,False,ebay_new,new,2
2026-08-13,d5_team_delta_6000,ebay,502.56,563.64,True,ebay_new,new,10
2026-08-13,d5_corsair_5200c40,ebay,,,False,ebay_new,new,0
2026-08-13,d5_kingston_5200_kit,ebay,693.39,596.69,False,ebay_new,new,2
2026-08-13,srv_micron_32g_4800,ebay,1099.99,1102.24,True,ebay_new,new,7
2026-08-13,srv_samsung_32g_base,ebay,1175.59,1082.23,False,ebay_new,new,2
2026-08-13,srv_samsung_64g_base,ebay,1799.99,1799.99,False,ebay_new,new,1
2026-08-13,srv_hynix_32g_base,ebay,1044.96,1099.99,True,ebay_new,new,17
2026-08-13,so_kingston_impact_5600,ebay,374.99,399.0,True,ebay_new,new,9
2026-08-13,so_corsair_4800c40,ebay,350.0,322.0,True,ebay_new,new,4
2026-08-13,so_gskill_rs_5600,ebay,808.14,621.08,True,ebay_new,new,3
2026-08-13,so_kingston_vr_5600,ebay,576.0,576.0,False,ebay_new,new,1
2026-08-13,so_samsung_oem_16g,ebay,218.21,220.42,True,ebay_new,new,8
2026-08-14,d4_corsair_lpx_3200c16,ebay,184.0,228.97,True,ebay_new,new,17
2026-08-14,d4_gskill_rv_3600c16,ebay,249.99,335.65,True,ebay_new,new,11
2026-08-14,d4_kingston_fury_3200c16,ebay,342.19,361.67,True,ebay_new,new,7
2026-08-14,d4_gskill_rv_3200c16,ebay,127.46,268.14,True,ebay_new,new,19
2026-08-14,d4_corsair_lpx_b3200,ebay,249.99,224.99,False,ebay_new,new,2
2026-08-14,d5_gskill_rs5_6000c32,ebay,751.9,727.27,False,ebay_new,new,2
2026-08-14,d5_kingston_fury_6000c36,ebay,458.95,458.95,False,ebay_new,new,1
2026-08-14,d5_team_delta_6000,ebay,502.56,563.64,True,ebay_new,new,10
2026-08-14,d5_corsair_5200c40,ebay,,,False,ebay_new,new,0
2026-08-14,d5_kingston_5200_kit,ebay,692.96,596.48,False,ebay_new,new,2
2026-08-14,srv_micron_32g_4800,ebay,1099.99,1102.24,True,ebay_new,new,7
2026-08-14,srv_samsung_32g_base,ebay,1175.59,1112.79,False,ebay_new,new,2
2026-08-14,srv_samsung_64g_base,ebay,1799.99,1799.99,False,ebay_new,new,1
2026-08-14,srv_hynix_32g_base,ebay,1044.96,1099.99,True,ebay_new,new,18
2026-08-14,so_kingston_impact_5600,ebay,374.99,399.0,True,ebay_new,new,10
2026-08-14,so_corsair_4800c40,ebay,350.0,322.0,True,ebay_new,new,4
2026-08-14,so_gskill_rs_5600,ebay,808.14,621.08,True,ebay_new,new,3
2026-08-14,so_kingston_vr_5600,ebay,576.0,576.0,False,ebay_new,new,1
2026-08-14,so_samsung_oem_16g,ebay,218.21,220.42,True,ebay_new,new,8
2026-08-15,d4_corsair_lpx_3200c16,ebay,185.0,221.98,True,ebay_new,new,16
2026-08-15,d4_gskill_rv_3600c16,ebay,249.99,318.69,True,ebay_new,new,10
2026-08-15,d4_kingston_fury_3200c16,ebay,361.67,394.12,True,ebay_new,new,6
2026-08-15,d4_gskill_rv_3200c16,ebay,127.46,268.14,True,ebay_new,new,19
2026-08-15,d4_corsair_lpx_b3200,ebay,249.99,199.99,True,ebay_new,new,3
2026-08-15,d5_gskill_rs5_6000c32,ebay,751.9,727.27,False,ebay_new,new,2
2026-08-15,d5_kingston_fury_6000c36,ebay,428.95,428.95,False,ebay_new,new,1
2026-08-15,d5_team_delta_6000,ebay,502.53,522.9,True,ebay_new,new,9
2026-08-15,d5_corsair_5200c40,ebay,,,False,ebay_new,new,0
2026-08-15,d5_kingston_5200_kit,ebay,716.74,608.37,False,ebay_new,new,2
2026-08-15,srv_micron_32g_4800,ebay,1044.96,1101.12,True,ebay_new,new,8
2026-08-15,srv_samsung_32g_base,ebay,1175.59,1112.79,False,ebay_new,new,2
2026-08-15,srv_samsung_64g_base,ebay,1799.99,1799.99,False,ebay_new,new,1
2026-08-15,srv_hynix_32g_base,ebay,1044.96,1099.99,True,ebay_new,new,17
2026-08-15,so_kingston_impact_5600,ebay,349.99,377.99,True,ebay_new,new,9
2026-08-15,so_corsair_4800c40,ebay,350.0,322.0,True,ebay_new,new,4
2026-08-15,so_gskill_rs_5600,ebay,808.14,621.08,True,ebay_new,new,3
2026-08-15,so_kingston_vr_5600,ebay,576.0,576.0,False,ebay_new,new,1
2026-08-15,so_samsung_oem_16g,ebay,218.21,219.87,True,ebay_new,new,7
2026-08-16,d4_corsair_lpx_3200c16,ebay,185.0,221.98,True,ebay_new,new,16
2026-08-16,d4_gskill_rv_3600c16,ebay,249.99,318.69,True,ebay_new,new,10
2026-08-16,d4_kingston_fury_3200c16,ebay,355.24,358.46,True,ebay_new,new,6
2026-08-16,d4_gskill_rv_3200c16,ebay,127.46,268.14,True,ebay_new,new,19
2026-08-16,d4_corsair_lpx_b3200,ebay,249.99,199.99,True,ebay_new,new,3
2026-08-16,d5_gskill_rs5_6000c32,ebay,751.9,727.27,False,ebay_new,new,2
2026-08-16,d5_kingston_fury_6000c36,ebay,428.95,428.95,False,ebay_new,new,1
2026-08-16,d5_team_delta_6000,ebay,514.99,567.69,True,ebay_new,new,8
2026-08-16,d5_corsair_5200c40,ebay,,,False,ebay_new,new,0
2026-08-16,d5_kingston_5200_kit,ebay,719.14,609.57,False,ebay_new,new,2
2026-08-16,srv_micron_32g_4800,ebay,1044.96,1101.12,True,ebay_new,new,8
2026-08-16,srv_samsung_32g_base,ebay,1175.59,1112.79,False,ebay_new,new,2
2026-08-16,srv_samsung_64g_base,ebay,1799.99,1799.99,False,ebay_new,new,1
2026-08-16,srv_hynix_32g_base,ebay,1044.96,1099.99,True,ebay_new,new,17
2026-08-16,so_kingston_impact_5600,ebay,374.99,399.0,True,ebay_new,new,9
2026-08-16,so_corsair_4800c40,ebay,350.0,322.0,True,ebay_new,new,4
2026-08-16,so_gskill_rs_5600,ebay,808.14,621.08,True,ebay_new,new,3
2026-08-16,so_kingston_vr_5600,ebay,576.0,576.0,False,ebay_new,new,1
2026-08-16,so_samsung_oem_16g,ebay,218.21,219.87,True,ebay_new,new,7
2026-08-17,d4_corsair_lpx_3200c16,ebay,185.0,214.99,True,ebay_new,new,17
2026-08-17,d4_gskill_rv_3600c16,ebay,249.99,318.69,True,ebay_new,new,10
2026-08-17,d4_kingston_fury_3200c16,ebay,355.24,358.46,True,ebay_new,new,6
2026-08-17,d4_gskill_rv_3200c16,ebay,127.46,268.14,True,ebay_new,new,19
2026-08-17,d4_corsair_lpx_b3200,ebay,249.99,215.0,False,ebay_new,new,2
2026-08-17,d5_gskill_rs5_6000c32,ebay,751.9,727.27,False,ebay_new,new,2
2026-08-17,d5_kingston_fury_6000c36,ebay,428.95,428.95,False,ebay_new,new,1
2026-08-17,d5_team_delta_6000,ebay,514.99,567.69,True,ebay_new,new,8
2026-08-17,d5_corsair_5200c40,ebay,,,False,ebay_new,new,0
2026-08-17,d5_kingston_5200_kit,ebay,627.65,563.83,False,ebay_new,new,2
2026-08-17,srv_micron_32g_4800,ebay,1044.96,1101.12,True,ebay_new,new,8
2026-08-17,srv_samsung_32g_base,ebay,1049.99,1047.47,True,ebay_new,new,4
2026-08-17,srv_samsung_64g_base,ebay,1799.99,1799.99,False,ebay_new,new,1
2026-08-17,srv_hynix_32g_base,ebay,1044.96,1099.99,True,ebay_new,new,16
2026-08-17,so_kingston_impact_5600,ebay,359.0,388.5,True,ebay_new,new,10
2026-08-17,so_corsair_4800c40,ebay,490.49,294.0,True,ebay_new,new,3
2026-08-17,so_gskill_rs_5600,ebay,808.14,621.08,True,ebay_new,new,3
2026-08-17,so_kingston_vr_5600,ebay,576.0,576.0,False,ebay_new,new,1
2026-08-17,so_samsung_oem_16g,ebay,218.21,219.87,True,ebay_new,new,7
