date,segment,series,usd_per_gb,n_obs,in_stock_rate
2026-07-05,ddr4_desktop,basket,8.1548,4,0.667
2026-07-05,ddr4_desktop,floor,4.1062,4,
2026-07-05,ddr5_desktop,basket,16.4216,3,0.3
2026-07-05,ddr5_desktop,floor,15.625,3,
2026-07-05,server_ecc,basket,25.8634,4,0.667
2026-07-05,server_ecc,floor,24.9844,4,
2026-07-05,sodimm,basket,12.3438,4,0.8
2026-07-05,sodimm,floor,9.9688,4,
2026-07-06,ddr4_desktop,basket,9.2809,5,0.833
2026-07-06,ddr4_desktop,floor,4.1062,5,
2026-07-06,ddr5_desktop,basket,16.4216,3,0.3
2026-07-06,ddr5_desktop,floor,15.625,3,
2026-07-06,server_ecc,basket,26.213,4,0.667
2026-07-06,server_ecc,floor,25.8634,4,
2026-07-06,sodimm,basket,12.3438,4,0.8
2026-07-06,sodimm,floor,9.9688,4,
2026-07-07,ddr4_desktop,basket,9.2184,5,0.833
2026-07-07,ddr4_desktop,floor,4.1062,5,
2026-07-07,ddr5_desktop,basket,16.4216,3,0.3
2026-07-07,ddr5_desktop,floor,15.625,3,
2026-07-07,server_ecc,basket,26.9941,4,0.667
2026-07-07,server_ecc,floor,25.8634,4,
2026-07-07,sodimm,basket,12.3438,4,0.8
2026-07-07,sodimm,floor,9.3747,4,
2026-07-08,ddr4_desktop,basket,9.2184,5,0.833
2026-07-08,ddr4_desktop,floor,4.1062,5,
2026-07-08,ddr5_desktop,basket,16.4216,3,0.3
2026-07-08,ddr5_desktop,floor,15.625,3,
2026-07-08,server_ecc,basket,26.9941,4,0.667
2026-07-08,server_ecc,floor,25.8634,4,
2026-07-08,sodimm,basket,12.3438,4,0.8
2026-07-08,sodimm,floor,9.3747,4,
2026-07-09,ddr4_desktop,basket,9.2809,5,0.833
2026-07-09,ddr4_desktop,floor,4.1062,5,
2026-07-09,ddr5_desktop,basket,16.4216,3,0.3
2026-07-09,ddr5_desktop,floor,15.625,3,
2026-07-09,server_ecc,basket,26.9941,4,0.667
2026-07-09,server_ecc,floor,25.8634,4,
2026-07-09,sodimm,basket,12.3438,4,0.8
2026-07-09,sodimm,floor,9.6562,4,
2026-07-10,ddr4_desktop,basket,9.2809,5,0.833
2026-07-10,ddr4_desktop,floor,4.1062,5,
2026-07-10,ddr5_desktop,basket,15.6988,3,0.3
2026-07-10,ddr5_desktop,floor,15.625,3,
2026-07-10,server_ecc,basket,26.9941,4,0.667
2026-07-10,server_ecc,floor,25.8634,4,
2026-07-10,sodimm,basket,10.7811,4,0.8
2026-07-10,sodimm,floor,8.4062,4,
2026-07-11,ddr4_desktop,basket,9.2809,5,0.833
2026-07-11,ddr4_desktop,floor,4.1062,5,
2026-07-11,ddr5_desktop,basket,15.6988,3,0.3
2026-07-11,ddr5_desktop,floor,15.625,3,
2026-07-11,server_ecc,basket,26.9941,4,0.667
2026-07-11,server_ecc,floor,25.8634,4,
2026-07-11,sodimm,basket,10.7811,4,0.8
2026-07-11,sodimm,floor,10.125,4,
2026-07-12,ddr4_desktop,basket,9.2809,5,0.833
2026-07-12,ddr4_desktop,floor,4.1062,5,
2026-07-12,ddr5_desktop,basket,15.6988,3,0.3
2026-07-12,ddr5_desktop,floor,15.625,3,
2026-07-12,server_ecc,basket,25.8634,3,0.5
2026-07-12,server_ecc,floor,25.8634,3,
2026-07-12,sodimm,basket,10.7811,4,0.8
2026-07-12,sodimm,floor,9.9688,4,
2026-07-13,ddr4_desktop,basket,9.2809,5,0.833
2026-07-13,ddr4_desktop,floor,4.1062,5,
2026-07-13,ddr5_desktop,basket,15.6988,3,0.3
2026-07-13,ddr5_desktop,floor,15.625,3,
2026-07-13,server_ecc,basket,25.8634,3,0.5
2026-07-13,server_ecc,floor,25.8634,3,
2026-07-13,sodimm,basket,10.7811,4,0.8
2026-07-13,sodimm,floor,9.9688,4,
2026-07-14,ddr4_desktop,basket,7.4997,5,0.833
2026-07-14,ddr4_desktop,floor,4.1062,5,
2026-07-14,ddr5_desktop,basket,15.6988,3,0.3
2026-07-14,ddr5_desktop,floor,15.625,3,
2026-07-14,server_ecc,basket,25.8634,3,0.5
2026-07-14,server_ecc,floor,25.8634,3,
2026-07-14,sodimm,basket,10.7811,4,0.8
2026-07-14,sodimm,floor,9.9688,4,
2026-07-15,ddr4_desktop,basket,7.4997,5,0.833
2026-07-15,ddr4_desktop,floor,4.1062,5,
2026-07-15,ddr5_desktop,basket,15.6988,3,0.3
2026-07-15,ddr5_desktop,floor,15.625,3,
2026-07-15,server_ecc,basket,25.8634,3,0.5
2026-07-15,server_ecc,floor,25.8634,3,
2026-07-15,sodimm,basket,11.6873,4,0.8
2026-07-15,sodimm,floor,9.9688,4,
2026-07-16,ddr4_desktop,basket,7.4997,5,0.833
2026-07-16,ddr4_desktop,floor,4.1062,5,
2026-07-16,ddr5_desktop,basket,15.6988,3,0.3
2026-07-16,ddr5_desktop,floor,15.625,3,
2026-07-16,server_ecc,basket,25.8634,3,0.5
2026-07-16,server_ecc,floor,25.8634,3,
2026-07-16,sodimm,basket,11.6873,4,0.8
2026-07-16,sodimm,floor,9.9688,4,
2026-07-17,ddr4_desktop,basket,7.4997,5,0.833
2026-07-17,ddr4_desktop,floor,4.1062,5,
2026-07-17,ddr5_desktop,basket,15.6988,3,0.3
2026-07-17,ddr5_desktop,floor,15.625,3,
2026-07-17,server_ecc,basket,25.8634,3,0.5
2026-07-17,server_ecc,floor,25.8634,3,
2026-07-17,sodimm,basket,11.6873,4,0.8
2026-07-17,sodimm,floor,9.9688,4,
2026-07-18,ddr4_desktop,basket,7.4997,5,0.833
2026-07-18,ddr4_desktop,floor,4.1062,5,
2026-07-18,ddr5_desktop,basket,15.6997,3,0.3
2026-07-18,ddr5_desktop,floor,15.625,3,
2026-07-18,server_ecc,basket,27.2809,3,0.5
2026-07-18,server_ecc,floor,25.8634,3,
2026-07-18,sodimm,basket,11.6873,4,0.8
2026-07-18,sodimm,floor,9.9688,4,
2026-07-19,ddr4_desktop,basket,7.7394,4,0.667
2026-07-19,ddr4_desktop,floor,4.1062,4,
2026-07-19,ddr5_desktop,basket,15.6997,3,0.3
2026-07-19,ddr5_desktop,floor,15.625,3,
2026-07-19,server_ecc,basket,27.7029,4,0.667
2026-07-19,server_ecc,floor,25.8634,4,
2026-07-19,sodimm,basket,11.6873,4,0.8
2026-07-19,sodimm,floor,9.9688,4,
2026-07-20,ddr4_desktop,basket,7.5839,4,0.667
2026-07-20,ddr4_desktop,floor,4.1062,4,
2026-07-20,ddr5_desktop,basket,15.6997,3,0.3
2026-07-20,ddr5_desktop,floor,15.625,3,
2026-07-20,server_ecc,basket,27.1873,4,0.667
2026-07-20,server_ecc,floor,25.8634,4,
2026-07-20,sodimm,basket,13.2802,4,0.8
2026-07-20,sodimm,floor,9.9688,4,
2026-07-21,ddr4_desktop,basket,7.7394,4,0.667
2026-07-21,ddr4_desktop,floor,4.1062,4,
2026-07-21,ddr5_desktop,basket,15.6623,2,0.2
2026-07-21,ddr5_desktop,floor,15.625,2,
2026-07-21,server_ecc,basket,26.0566,4,0.667
2026-07-21,server_ecc,floor,25.8634,4,
2026-07-21,sodimm,basket,13.2802,4,0.8
2026-07-21,sodimm,floor,10.9375,4,
2026-07-22,ddr4_desktop,basket,7.6325,4,0.667
2026-07-22,ddr4_desktop,floor,4.1062,4,
2026-07-22,ddr5_desktop,basket,15.6623,2,0.2
2026-07-22,ddr5_desktop,floor,15.625,2,
2026-07-22,server_ecc,basket,27.6738,3,0.5
2026-07-22,server_ecc,floor,27.6738,3,
2026-07-22,sodimm,basket,13.2802,4,0.8
2026-07-22,sodimm,floor,10.9375,4,
2026-07-23,ddr4_desktop,basket,7.5623,4,0.667
2026-07-23,ddr4_desktop,floor,4.1062,4,
2026-07-23,ddr5_desktop,basket,15.6623,2,0.2
2026-07-23,ddr5_desktop,floor,15.625,2,
2026-07-23,server_ecc,basket,27.6738,3,0.5
2026-07-23,server_ecc,floor,27.6738,3,
2026-07-23,sodimm,basket,13.2802,4,0.8
2026-07-23,sodimm,floor,10.9375,4,
2026-07-24,ddr4_desktop,basket,7.3436,4,0.667
2026-07-24,ddr4_desktop,floor,4.1062,4,
2026-07-24,ddr5_desktop,basket,14.6908,2,0.2
2026-07-24,ddr5_desktop,floor,13.7566,2,
2026-07-24,server_ecc,basket,27.6738,3,0.5
2026-07-24,server_ecc,floor,27.6738,3,
2026-07-24,sodimm,basket,13.0777,4,0.8
2026-07-24,sodimm,floor,10.9375,4,
2026-07-25,ddr4_desktop,basket,7.3436,4,0.667
2026-07-25,ddr4_desktop,floor,4.1062,4,
2026-07-25,ddr5_desktop,basket,14.622,2,0.2
2026-07-25,ddr5_desktop,floor,13.6191,2,
2026-07-25,server_ecc,basket,28.4322,2,0.333
2026-07-25,server_ecc,floor,27.6738,2,
2026-07-25,sodimm,basket,13.0433,4,0.8
2026-07-25,sodimm,floor,10.9375,4,
2026-07-26,ddr4_desktop,basket,7.4991,4,0.667
2026-07-26,ddr4_desktop,floor,4.1062,4,
2026-07-26,ddr5_desktop,basket,15.6633,2,0.2
2026-07-26,ddr5_desktop,floor,15.625,2,
2026-07-26,server_ecc,basket,28.4322,2,0.333
2026-07-26,server_ecc,floor,27.6738,2,
2026-07-26,sodimm,basket,12.2934,4,0.8
2026-07-26,sodimm,floor,10.6247,4,
2026-07-27,ddr4_desktop,basket,7.1872,5,0.833
2026-07-27,ddr4_desktop,floor,4.1062,5,
2026-07-27,ddr5_desktop,basket,15.6633,2,0.2
2026-07-27,ddr5_desktop,floor,15.625,2,
2026-07-27,server_ecc,basket,28.4322,2,0.333
2026-07-27,server_ecc,floor,27.6738,2,
2026-07-27,sodimm,basket,13.0433,4,0.8
2026-07-27,sodimm,floor,10.9375,4,
2026-07-28,ddr4_desktop,basket,7.2905,4,0.667
2026-07-28,ddr4_desktop,floor,3.9831,4,
2026-07-28,ddr5_desktop,basket,15.6633,2,0.2
2026-07-28,ddr5_desktop,floor,15.625,2,
2026-07-28,server_ecc,basket,28.4322,2,0.333
2026-07-28,server_ecc,floor,27.6738,2,
2026-07-28,sodimm,basket,13.0433,4,0.8
2026-07-28,sodimm,floor,10.9375,4,
2026-07-29,ddr4_desktop,basket,7.2905,4,0.667
2026-07-29,ddr4_desktop,floor,3.9831,4,
2026-07-29,ddr5_desktop,basket,15.7016,3,0.3
2026-07-29,ddr5_desktop,floor,15.1859,3,
2026-07-29,server_ecc,basket,28.4322,2,0.333
2026-07-29,server_ecc,floor,27.6738,2,
2026-07-29,sodimm,basket,13.0433,4,0.8
2026-07-29,sodimm,floor,10.9375,4,
2026-07-30,ddr4_desktop,basket,7.2905,4,0.667
2026-07-30,ddr4_desktop,floor,3.9831,4,
2026-07-30,ddr5_desktop,basket,19.3434,2,0.2
2026-07-30,ddr5_desktop,floor,16.4216,2,
2026-07-30,server_ecc,basket,28.4322,2,0.333
2026-07-30,server_ecc,floor,27.6738,2,
2026-07-30,sodimm,basket,13.0433,4,0.8
2026-07-30,sodimm,floor,10.9375,4,
2026-07-31,ddr4_desktop,basket,7.2905,4,0.667
2026-07-31,ddr4_desktop,floor,3.9831,4,
2026-07-31,ddr5_desktop,basket,20.5356,2,0.2
2026-07-31,ddr5_desktop,floor,18.8059,2,
2026-07-31,server_ecc,basket,28.4322,2,0.333
2026-07-31,server_ecc,floor,27.6738,2,
2026-07-31,sodimm,basket,10.9375,4,0.8
2026-07-31,sodimm,floor,10.9062,4,
2026-08-01,ddr4_desktop,basket,5.7498,4,0.667
2026-08-01,ddr4_desktop,floor,3.9831,4,
2026-08-01,ddr5_desktop,basket,18.8059,3,0.3
2026-08-01,ddr5_desktop,floor,14.3422,3,
2026-08-01,server_ecc,basket,32.6386,2,0.333
2026-08-01,server_ecc,floor,30.9025,2,
2026-08-01,sodimm,basket,10.9375,4,0.8
2026-08-01,sodimm,floor,10.9062,4,
2026-08-02,ddr4_desktop,basket,5.7498,4,0.667
2026-08-02,ddr4_desktop,floor,3.9831,4,
2026-08-02,ddr5_desktop,basket,16.5741,2,0.2
2026-08-02,ddr5_desktop,floor,14.3422,2,
2026-08-02,server_ecc,basket,32.6386,2,0.333
2026-08-02,server_ecc,floor,30.9025,2,
2026-08-02,sodimm,basket,10.9375,4,0.8
2026-08-02,sodimm,floor,10.9062,4,
2026-08-03,ddr4_desktop,basket,5.7498,4,0.667
2026-08-03,ddr4_desktop,floor,3.9831,4,
2026-08-03,ddr5_desktop,basket,18.8059,1,0.1
2026-08-03,ddr5_desktop,floor,18.8059,1,
2026-08-03,server_ecc,basket,32.6386,2,0.333
2026-08-03,server_ecc,floor,30.9025,2,
2026-08-03,sodimm,basket,11.4062,4,0.8
2026-08-03,sodimm,floor,10.9375,4,
2026-08-04,ddr4_desktop,basket,5.7498,4,0.667
2026-08-04,ddr4_desktop,floor,3.9831,4,
2026-08-04,ddr5_desktop,basket,16.4216,1,0.1
2026-08-04,ddr5_desktop,floor,16.4216,1,
2026-08-04,server_ecc,basket,32.655,3,0.5
2026-08-04,server_ecc,floor,30.9025,3,
2026-08-04,sodimm,basket,12.7109,4,0.8
2026-08-04,sodimm,floor,10.9375,4,
2026-08-05,ddr4_desktop,basket,6.4844,4,0.667
2026-08-05,ddr4_desktop,floor,3.9831,4,
2026-08-05,ddr5_desktop,basket,15.0731,2,0.2
2026-08-05,ddr5_desktop,floor,13.7247,2,
2026-08-05,server_ecc,basket,32.655,3,0.5
2026-08-05,server_ecc,floor,30.9025,3,
2026-08-05,sodimm,basket,12.5256,4,0.8
2026-08-05,sodimm,floor,10.9375,4,
2026-08-06,ddr4_desktop,basket,6.328,4,0.667
2026-08-06,ddr4_desktop,floor,3.9831,4,
2026-08-06,ddr5_desktop,basket,15.3219,2,0.2
2026-08-06,ddr5_desktop,floor,14.3422,2,
2026-08-06,server_ecc,basket,32.655,3,0.5
2026-08-06,server_ecc,floor,30.9025,3,
2026-08-06,sodimm,basket,12.0569,4,0.8
2026-08-06,sodimm,floor,10.6247,4,
2026-08-07,ddr4_desktop,basket,6.5625,4,0.667
2026-08-07,ddr4_desktop,floor,3.9831,4,
2026-08-07,ddr5_desktop,basket,15.3219,2,0.2
2026-08-07,ddr5_desktop,floor,14.3422,2,
2026-08-07,server_ecc,basket,32.655,3,0.5
2026-08-07,server_ecc,floor,32.655,3,
2026-08-07,sodimm,basket,11.9005,4,0.8
2026-08-07,sodimm,floor,9.6562,4,
2026-08-08,ddr4_desktop,basket,6.5625,4,0.667
2026-08-08,ddr4_desktop,floor,3.9831,4,
2026-08-08,ddr5_desktop,basket,15.7034,3,0.3
2026-08-08,ddr5_desktop,floor,14.3422,3,
2026-08-08,server_ecc,basket,33.5148,2,0.333
2026-08-08,server_ecc,floor,32.655,2,
2026-08-08,sodimm,basket,12.4473,4,0.8
2026-08-08,sodimm,floor,10.9375,4,
2026-08-09,ddr4_desktop,basket,6.6405,4,0.667
2026-08-09,ddr4_desktop,floor,3.9831,4,
2026-08-09,ddr5_desktop,basket,15.7034,3,0.3
2026-08-09,ddr5_desktop,floor,14.3422,3,
2026-08-09,server_ecc,basket,33.5148,2,0.333
2026-08-09,server_ecc,floor,32.655,2,
2026-08-09,sodimm,basket,12.4473,4,0.8
2026-08-09,sodimm,floor,10.9375,4,
2026-08-10,ddr4_desktop,basket,6.6405,4,0.667
2026-08-10,ddr4_desktop,floor,3.9831,4,
2026-08-10,ddr5_desktop,basket,18.7036,2,0.2
2026-08-10,ddr5_desktop,floor,15.7034,2,
2026-08-10,server_ecc,basket,33.5148,2,0.333
2026-08-10,server_ecc,floor,32.655,2,
2026-08-10,sodimm,basket,12.4473,4,0.8
2026-08-10,sodimm,floor,10.9375,4,
2026-08-11,ddr4_desktop,basket,6.6405,4,0.667
2026-08-11,ddr4_desktop,floor,3.9831,4,
2026-08-11,ddr5_desktop,basket,18.7036,2,0.2
2026-08-11,ddr5_desktop,floor,15.7034,2,
2026-08-11,server_ecc,basket,33.5148,2,0.333
2026-08-11,server_ecc,floor,32.655,2,
2026-08-11,sodimm,basket,12.4473,4,0.8
2026-08-11,sodimm,floor,10.9375,4,
2026-08-12,ddr4_desktop,basket,6.6405,4,0.667
2026-08-12,ddr4_desktop,floor,3.9831,4,
2026-08-12,ddr5_desktop,basket,16.3406,1,0.1
2026-08-12,ddr5_desktop,floor,16.3406,1,
2026-08-12,server_ecc,basket,33.5148,2,0.333
2026-08-12,server_ecc,floor,32.655,2,
2026-08-12,sodimm,basket,12.4473,4,0.8
2026-08-12,sodimm,floor,10.9375,4,
2026-08-13,ddr4_desktop,basket,6.7811,4,0.667
2026-08-13,ddr4_desktop,floor,3.9831,4,
2026-08-13,ddr5_desktop,basket,15.705,1,0.1
2026-08-13,ddr5_desktop,floor,15.705,1,
2026-08-13,server_ecc,basket,33.5148,2,0.333
2026-08-13,server_ecc,floor,32.655,2,
2026-08-13,sodimm,basket,12.6783,4,0.8
2026-08-13,sodimm,floor,10.9375,4,
2026-08-14,ddr4_desktop,basket,6.7811,4,0.667
2026-08-14,ddr4_desktop,floor,3.9831,4,
2026-08-14,ddr5_desktop,basket,15.705,1,0.1
2026-08-14,ddr5_desktop,floor,15.705,1,
2026-08-14,server_ecc,basket,33.5148,2,0.333
2026-08-14,server_ecc,floor,32.655,2,
2026-08-14,sodimm,basket,12.6783,4,0.8
2026-08-14,sodimm,floor,10.9375,4,
2026-08-15,ddr4_desktop,basket,7.8122,5,0.833
2026-08-15,ddr4_desktop,floor,3.9831,5,
2026-08-15,ddr5_desktop,basket,15.7041,1,0.1
2026-08-15,ddr5_desktop,floor,15.7041,1,
2026-08-15,server_ecc,basket,32.655,2,0.333
2026-08-15,server_ecc,floor,32.655,2,
2026-08-15,sodimm,basket,12.2878,4,0.8
2026-08-15,sodimm,floor,10.9372,4,
2026-08-16,ddr4_desktop,basket,7.8122,5,0.833
2026-08-16,ddr4_desktop,floor,3.9831,5,
2026-08-16,ddr5_desktop,basket,16.0934,1,0.1
2026-08-16,ddr5_desktop,floor,16.0934,1,
2026-08-16,server_ecc,basket,32.655,2,0.333
2026-08-16,server_ecc,floor,32.655,2,
2026-08-16,sodimm,basket,12.6783,4,0.8
2026-08-16,sodimm,floor,10.9375,4,
2026-08-17,ddr4_desktop,basket,6.7967,4,0.667
2026-08-17,ddr4_desktop,floor,3.9831,4,
2026-08-17,ddr5_desktop,basket,16.0934,1,0.1
2026-08-17,ddr5_desktop,floor,16.0934,1,
2026-08-17,server_ecc,basket,32.655,3,0.5
2026-08-17,server_ecc,floor,32.655,3,
2026-08-17,sodimm,basket,14.483,4,0.8
2026-08-17,sodimm,floor,11.2188,4,
2026-08-18,ddr4_desktop,basket,6.7967,4,0.667
2026-08-18,ddr4_desktop,floor,3.9831,4,
2026-08-18,ddr5_desktop,basket,14.5544,2,0.2
2026-08-18,ddr5_desktop,floor,13.4047,2,
2026-08-18,server_ecc,basket,32.655,3,0.5
2026-08-18,server_ecc,floor,32.655,3,
2026-08-18,sodimm,basket,14.483,4,0.8
2026-08-18,sodimm,floor,11.115,4,
2026-08-19,ddr4_desktop,basket,6.7967,4,0.667
2026-08-19,ddr4_desktop,floor,3.9831,4,
2026-08-19,ddr5_desktop,basket,15.7041,1,0.1
2026-08-19,ddr5_desktop,floor,15.7041,1,
2026-08-19,server_ecc,basket,32.655,3,0.5
2026-08-19,server_ecc,floor,32.655,3,
2026-08-19,sodimm,basket,14.483,4,0.8
2026-08-19,sodimm,floor,11.115,4,
2026-08-20,ddr4_desktop,basket,6.7967,4,0.667
2026-08-20,ddr4_desktop,floor,3.9831,4,
2026-08-20,ddr5_desktop,basket,16.0916,1,0.1
2026-08-20,ddr5_desktop,floor,16.0916,1,
2026-08-20,server_ecc,basket,34.445,3,0.5
2026-08-20,server_ecc,floor,32.655,3,
2026-08-20,sodimm,basket,14.483,4,0.8
2026-08-20,sodimm,floor,11.24,4,
2026-08-21,ddr4_desktop,basket,6.7967,4,0.667
2026-08-21,ddr4_desktop,floor,3.9831,4,
2026-08-21,ddr5_desktop,basket,20.1706,2,0.2
2026-08-21,ddr5_desktop,floor,16.0916,2,
2026-08-21,server_ecc,basket,33.55,2,0.333
2026-08-21,server_ecc,floor,32.655,2,
2026-08-21,sodimm,basket,14.483,4,0.8
2026-08-21,sodimm,floor,11.115,4,
2026-08-22,ddr4_desktop,basket,6.6484,4,0.667
2026-08-22,ddr4_desktop,floor,3.9831,4,
2026-08-22,ddr5_desktop,basket,20.1039,2,0.2
2026-08-22,ddr5_desktop,floor,16.095,2,
2026-08-22,server_ecc,basket,33.55,2,0.333
2026-08-22,server_ecc,floor,32.655,2,
2026-08-22,sodimm,basket,14.483,4,0.8
2026-08-22,sodimm,floor,11.115,4,
2026-08-23,ddr4_desktop,basket,6.703,4,0.667
2026-08-23,ddr4_desktop,floor,3.9831,4,
2026-08-23,ddr5_desktop,basket,20.1039,2,0.2
2026-08-23,ddr5_desktop,floor,16.095,2,
2026-08-23,server_ecc,basket,33.55,2,0.333
2026-08-23,server_ecc,floor,32.655,2,
2026-08-23,sodimm,basket,14.5348,4,0.8
2026-08-23,sodimm,floor,11.115,4,
2026-08-24,ddr4_desktop,basket,6.6483,4,0.667
2026-08-24,ddr4_desktop,floor,4.1822,4,
2026-08-24,ddr5_desktop,basket,20.1039,2,0.2
2026-08-24,ddr5_desktop,floor,16.095,2,
2026-08-24,server_ecc,basket,32.655,3,0.5
2026-08-24,server_ecc,floor,32.655,3,
2026-08-24,sodimm,basket,14.5348,4,0.8
2026-08-24,sodimm,floor,11.5622,4,
2026-08-25,ddr4_desktop,basket,6.6483,4,0.667
2026-08-25,ddr4_desktop,floor,4.1822,4,
2026-08-25,ddr5_desktop,basket,18.9425,2,0.2
2026-08-25,ddr5_desktop,floor,13.7566,2,
2026-08-25,server_ecc,basket,32.655,3,0.5
2026-08-25,server_ecc,floor,32.655,3,
2026-08-25,sodimm,basket,14.5348,4,0.8
2026-08-25,sodimm,floor,11.5622,4,
2026-08-27,ddr4_desktop,basket,6.703,4,0.667
2026-08-27,ddr4_desktop,floor,4.1822,4,
2026-08-27,ddr5_desktop,basket,18.9425,2,0.2
2026-08-27,ddr5_desktop,floor,13.7566,2,
2026-08-27,server_ecc,basket,32.655,3,0.5
2026-08-27,server_ecc,floor,32.655,3,
2026-08-27,sodimm,basket,14.5348,4,0.8
2026-08-27,sodimm,floor,12.5,4,
2026-08-28,ddr4_desktop,basket,6.8592,4,0.667
2026-08-28,ddr4_desktop,floor,4.1822,4,
2026-08-28,ddr5_desktop,basket,19.1031,2,0.2
2026-08-28,ddr5_desktop,floor,13.7566,2,
2026-08-28,server_ecc,basket,32.655,3,0.5
2026-08-28,server_ecc,floor,32.655,3,
2026-08-28,sodimm,basket,14.0312,3,0.6
2026-08-28,sodimm,floor,13.7419,3,
2026-08-29,ddr4_desktop,basket,6.8592,4,0.667
2026-08-29,ddr4_desktop,floor,4.1822,4,
2026-08-29,ddr5_desktop,basket,20.2812,3,0.3
2026-08-29,ddr5_desktop,floor,13.7566,3,
2026-08-29,server_ecc,basket,32.655,3,0.5
2026-08-29,server_ecc,floor,32.655,3,
2026-08-29,sodimm,basket,14.6795,4,0.8
2026-08-29,sodimm,floor,13.7419,4,
2026-08-30,ddr4_desktop,basket,7.0155,4,0.667
2026-08-30,ddr4_desktop,floor,4.1822,4,
2026-08-30,ddr5_desktop,basket,19.4302,2,0.2
2026-08-30,ddr5_desktop,floor,13.7566,2,
2026-08-30,server_ecc,basket,32.655,3,0.5
2026-08-30,server_ecc,floor,32.655,3,
2026-08-30,sodimm,basket,15.1483,4,0.8
2026-08-30,sodimm,floor,13.7419,4,
2026-08-31,ddr4_desktop,basket,6.8045,4,0.667
2026-08-31,ddr4_desktop,floor,4.1822,4,
2026-08-31,ddr5_desktop,basket,19.4131,2,0.2
2026-08-31,ddr5_desktop,floor,13.7566,2,
2026-08-31,server_ecc,basket,32.655,3,0.5
2026-08-31,server_ecc,floor,32.655,3,
2026-08-31,sodimm,basket,15.1483,4,0.8
2026-08-31,sodimm,floor,13.7419,4,
2026-09-01,ddr4_desktop,basket,7.0155,4,0.667
2026-09-01,ddr4_desktop,floor,4.1822,4,
2026-09-01,ddr5_desktop,basket,19.4131,2,0.2
2026-09-01,ddr5_desktop,floor,13.7566,2,
2026-09-01,server_ecc,basket,32.655,3,0.5
2026-09-01,server_ecc,floor,32.655,3,
2026-09-01,sodimm,basket,15.1483,4,0.8
2026-09-01,sodimm,floor,13.7419,4,
